tatripid,tmstmp,typ,stpnm,stpid,vid,dstp,rt,rtdd,rtdir,des,prdtm,tablockid,origtatripno,dly,dyn,prdctdn,zone,psgld,stst,stsd
209151,20210912 01:59,D,Central Campus Transit Center: Ruthven Museum,C251,,0,CC,CC,NORTHBOUND,Pierpont Commons,20210912 02:00,4408CC,209151,False,0,DUE,,,93600,2021-09-11
209153,20210912 01:52,D,Central Campus Transit Center: Ruthven Museum,C251,,0,CC,CC,NORTHBOUND,Pierpont Commons,20210912 01:53,4802OXM,209153,False,0,DUE,,,93180,2021-09-11
209155,20210912 01:46,D,Central Campus Transit Center: Ruthven Museum,C251,,0,CC,CC,NORTHBOUND,Pierpont Commons,20210912 01:47,4410CC,209155,False,0,DUE,,,92820,2021-09-11
209157,20210912 01:39,D,Central Campus Transit Center: Ruthven Museum,C251,,0,CC,CC,NORTHBOUND,Pierpont Commons,20210912 01:40,4408CC,209157,False,0,DUE,,,92400,2021-09-11
209159,20210912 01:32,D,Central Campus Transit Center: Ruthven Museum,C251,,0,CC,CC,NORTHBOUND,Pierpont Commons,20210912 01:33,4802OXM,209159,False,0,DUE,,,91980,2021-09-11
209161,20210912 01:26,D,Central Campus Transit Center: Ruthven Museum,C251,,0,CC,CC,NORTHBOUND,Pierpont Commons,20210912 01:27,4410CC,209161,False,0,DUE,,,91620,2021-09-11
209163,20210912 01:19,D,Central Campus Transit Center: Ruthven Museum,C251,,0,CC,CC,NORTHBOUND,Pierpont Commons,20210912 01:20,4408CC,209163,False,0,DUE,,,91200,2021-09-11
209165,20210912 01:12,D,Central Campus Transit Center: Ruthven Museum,C251,,0,CC,CC,NORTHBOUND,Pierpont Commons,20210912 01:13,4802OXM,209165,False,0,DUE,,,90780,2021-09-11
209167,20210912 01:06,D,Central Campus Transit Center: Ruthven Museum,C251,,0,CC,CC,NORTHBOUND,Pierpont Commons,20210912 01:07,4410CC,209167,False,0,DUE,,,90420,2021-09-11
209170,20210912 00:59,D,Central Campus Transit Center: Ruthven Museum,C251,,0,CC,CC,NORTHBOUND,Pierpont Commons,20210912 01:00,4409CC,209170,False,0,DUE,,,90000,2021-09-11
209172,20210912 00:52,D,Central Campus Transit Center: Ruthven Museum,C251,,0,CC,CC,NORTHBOUND,Pierpont Commons,20210912 00:53,4802OXM,209172,False,0,DUE,,,89580,2021-09-11
209175,20210912 00:46,D,Central Campus Transit Center: Ruthven Museum,C251,,0,CC,CC,NORTHBOUND,Pierpont Commons,20210912 00:47,4408CC,209175,False,0,DUE,,,89220,2021-09-11
209178,20210912 00:39,D,Central Campus Transit Center: Ruthven Museum,C251,,0,CC,CC,NORTHBOUND,Pierpont Commons,20210912 00:40,4409CC,209178,False,0,DUE,,,88800,2021-09-11
209180,20210912 00:32,D,Central Campus Transit Center: Ruthven Museum,C251,,0,CC,CC,NORTHBOUND,Pierpont Commons,20210912 00:33,4410CC,209180,False,0,DUE,,,88380,2021-09-11
209183,20210912 00:26,D,Central Campus Transit Center: Ruthven Museum,C251,,0,CC,CC,NORTHBOUND,Pierpont Commons,20210912 00:27,4408CC,209183,False,0,DUE,,,88020,2021-09-11
209186,20210912 00:19,D,Central Campus Transit Center: Ruthven Museum,C251,,0,CC,CC,NORTHBOUND,Pierpont Commons,20210912 00:20,4409CC,209186,False,0,DUE,,,87600,2021-09-11
209188,20210912 00:12,D,Central Campus Transit Center: Ruthven Museum,C251,,0,CC,CC,NORTHBOUND,Pierpont Commons,20210912 00:13,4802OXM,209188,False,0,DUE,,,87180,2021-09-11
209191,20210912 00:06,D,Central Campus Transit Center: Ruthven Museum,C251,,0,CC,CC,NORTHBOUND,Pierpont Commons,20210912 00:07,4408CC,209191,False,0,DUE,,,86820,2021-09-11
209195,20210911 23:59,D,Central Campus Transit Center: Ruthven Museum,C251,,0,CC,CC,NORTHBOUND,Pierpont Commons,20210912 00:00,4409CC,209195,False,0,DUE,,,86400,2021-09-11
209198,20210911 23:52,D,Central Campus Transit Center: Ruthven Museum,C251,,0,CC,CC,NORTHBOUND,Pierpont Commons,20210911 23:53,4802OXM,209198,False,0,DUE,,,85980,2021-09-11
209202,20210911 23:46,D,Central Campus Transit Center: Ruthven Museum,C251,,0,CC,CC,NORTHBOUND,Pierpont Commons,20210911 23:47,4410CC,209202,False,0,DUE,,,85620,2021-09-11
209206,20210911 23:39,D,Central Campus Transit Center: Ruthven Museum,C251,,0,CC,CC,NORTHBOUND,Pierpont Commons,20210911 23:40,4409CC,209206,False,0,DUE,,,85200,2021-09-11
209209,20210911 23:32,D,Central Campus Transit Center: Ruthven Museum,C251,,0,CC,CC,NORTHBOUND,Pierpont Commons,20210911 23:33,4802OXM,209209,False,0,DUE,,,84780,2021-09-11
209213,20210911 23:26,D,Central Campus Transit Center: Ruthven Museum,C251,,0,CC,CC,NORTHBOUND,Pierpont Commons,20210911 23:27,4410CC,209213,False,0,DUE,,,84420,2021-09-11
209217,20210911 23:19,D,Central Campus Transit Center: Ruthven Museum,C251,,0,CC,CC,NORTHBOUND,Pierpont Commons,20210911 23:20,4408CC,209217,False,0,DUE,,,84000,2021-09-11
209220,20210911 23:12,D,Central Campus Transit Center: Ruthven Museum,C251,,0,CC,CC,NORTHBOUND,Pierpont Commons,20210911 23:13,4802OXM,209220,False,0,DUE,,,83580,2021-09-11
209224,20210911 23:06,D,Central Campus Transit Center: Ruthven Museum,C251,,0,CC,CC,NORTHBOUND,Pierpont Commons,20210911 23:07,4410CC,209224,False,0,DUE,,,83220,2021-09-11
209228,20210911 22:59,D,Central Campus Transit Center: Ruthven Museum,C251,,0,CC,CC,NORTHBOUND,Pierpont Commons,20210911 23:00,4408CC,209228,False,0,DUE,,,82800,2021-09-11
209231,20210911 22:52,D,Central Campus Transit Center: Ruthven Museum,C251,,0,CC,CC,NORTHBOUND,Pierpont Commons,20210911 22:53,4409CC,209231,False,0,DUE,,,82380,2021-09-11
209235,20210911 22:46,D,Central Campus Transit Center: Ruthven Museum,C251,,0,CC,CC,NORTHBOUND,Pierpont Commons,20210911 22:47,4410CC,209235,False,0,DUE,,,82020,2021-09-11
209239,20210911 22:39,D,Central Campus Transit Center: Ruthven Museum,C251,,0,CC,CC,NORTHBOUND,Pierpont Commons,20210911 22:40,4408CC,209239,False,0,DUE,,,81600,2021-09-11
209242,20210911 22:32,D,Central Campus Transit Center: Ruthven Museum,C251,,0,CC,CC,NORTHBOUND,Pierpont Commons,20210911 22:33,4409CC,209242,False,0,DUE,,,81180,2021-09-11
209246,20210911 22:26,D,Central Campus Transit Center: Ruthven Museum,C251,,0,CC,CC,NORTHBOUND,Pierpont Commons,20210911 22:27,4802OXM,209246,False,0,DUE,,,80820,2021-09-11
209250,20210911 22:19,D,Central Campus Transit Center: Ruthven Museum,C251,,0,CC,CC,NORTHBOUND,Pierpont Commons,20210911 22:20,4408CC,209250,False,0,DUE,,,80400,2021-09-11
209253,20210911 22:12,D,Central Campus Transit Center: Ruthven Museum,C251,,0,CC,CC,NORTHBOUND,Pierpont Commons,20210911 22:13,4409CC,209253,False,0,DUE,,,79980,2021-09-11
209257,20210911 22:06,D,Central Campus Transit Center: Ruthven Museum,C251,,0,CC,CC,NORTHBOUND,Pierpont Commons,20210911 22:07,4802OXM,209257,False,0,DUE,,,79620,2021-09-11
209261,20210911 21:59,D,Central Campus Transit Center: Ruthven Museum,C251,,0,CC,CC,NORTHBOUND,Pierpont Commons,20210911 22:00,4410CC,209261,False,0,DUE,,,79200,2021-09-11
209264,20210911 21:52,D,Central Campus Transit Center: Ruthven Museum,C251,,0,CC,CC,NORTHBOUND,Pierpont Commons,20210911 21:53,4408CC,209264,False,0,DUE,,,78780,2021-09-11
209268,20210911 21:46,D,Central Campus Transit Center: Ruthven Museum,C251,,0,CC,CC,NORTHBOUND,Pierpont Commons,20210911 21:47,4802OXM,209268,False,0,DUE,,,78420,2021-09-11
209272,20210911 21:39,D,Central Campus Transit Center: Ruthven Museum,C251,,0,CC,CC,NORTHBOUND,Pierpont Commons,20210911 21:40,4410CC,209272,False,0,DUE,,,78000,2021-09-11
209275,20210911 21:32,D,Central Campus Transit Center: Ruthven Museum,C251,,0,CC,CC,NORTHBOUND,Pierpont Commons,20210911 21:33,4408CC,209275,False,0,DUE,,,77580,2021-09-11
209279,20210911 21:26,D,Central Campus Transit Center: Ruthven Museum,C251,,0,CC,CC,NORTHBOUND,Pierpont Commons,20210911 21:27,4409CC,209279,False,0,DUE,,,77220,2021-09-11
209283,20210911 21:19,D,Central Campus Transit Center: Ruthven Museum,C251,,0,CC,CC,NORTHBOUND,Pierpont Commons,20210911 21:20,4410CC,209283,False,0,DUE,,,76800,2021-09-11
209286,20210911 21:12,D,Central Campus Transit Center: Ruthven Museum,C251,,0,CC,CC,NORTHBOUND,Pierpont Commons,20210911 21:13,4408CC,209286,False,0,DUE,,,76380,2021-09-11
209290,20210911 21:06,D,Central Campus Transit Center: Ruthven Museum,C251,,0,CC,CC,NORTHBOUND,Pierpont Commons,20210911 21:07,4409CC,209290,False,0,DUE,,,76020,2021-09-11
209294,20210911 20:59,D,Central Campus Transit Center: Ruthven Museum,C251,,0,CC,CC,NORTHBOUND,Pierpont Commons,20210911 21:00,4802OXM,209294,False,0,DUE,,,75600,2021-09-11
209297,20210911 20:52,D,Central Campus Transit Center: Ruthven Museum,C251,,0,CC,CC,NORTHBOUND,Pierpont Commons,20210911 20:53,4408CC,209297,False,0,DUE,,,75180,2021-09-11
209301,20210911 20:46,D,Central Campus Transit Center: Ruthven Museum,C251,,0,CC,CC,NORTHBOUND,Pierpont Commons,20210911 20:47,4409CC,209301,False,0,DUE,,,74820,2021-09-11
209305,20210911 20:39,D,Central Campus Transit Center: Ruthven Museum,C251,,0,CC,CC,NORTHBOUND,Pierpont Commons,20210911 20:40,4802OXM,209305,False,0,DUE,,,74400,2021-09-11
209308,20210911 20:32,D,Central Campus Transit Center: Ruthven Museum,C251,,0,CC,CC,NORTHBOUND,Pierpont Commons,20210911 20:33,4408CC,209308,False,0,DUE,,,73980,2021-09-11
209312,20210911 20:26,D,Central Campus Transit Center: Ruthven Museum,C251,,0,CC,CC,NORTHBOUND,Pierpont Commons,20210911 20:27,4409CC,209312,False,0,DUE,,,73620,2021-09-11
209316,20210911 20:19,D,Central Campus Transit Center: Ruthven Museum,C251,,0,CC,CC,NORTHBOUND,Pierpont Commons,20210911 20:20,4802OXM,209316,False,0,DUE,,,73200,2021-09-11
209319,20210911 20:12,D,Central Campus Transit Center: Ruthven Museum,C251,,0,CC,CC,NORTHBOUND,Pierpont Commons,20210911 20:13,4408CC,209319,False,0,DUE,,,72780,2021-09-11
209323,20210911 20:06,D,Central Campus Transit Center: Ruthven Museum,C251,,0,CC,CC,NORTHBOUND,Pierpont Commons,20210911 20:07,4404CC,209323,False,0,DUE,,,72420,2021-09-11
209327,20210911 19:59,D,Central Campus Transit Center: Ruthven Museum,C251,,0,CC,CC,NORTHBOUND,Pierpont Commons,20210911 20:00,4802OXM,209327,False,0,DUE,,,72000,2021-09-11
209331,20210911 19:49,D,Central Campus Transit Center: Ruthven Museum,C251,,0,CC,CC,NORTHBOUND,Pierpont Commons,20210911 19:50,4303NWL,209331,False,0,DUE,,,71400,2021-09-11
209335,20210911 19:39,D,Central Campus Transit Center: Ruthven Museum,C251,,0,CC,CC,NORTHBOUND,Pierpont Commons,20210911 19:40,4802OXM,209335,False,0,DUE,,,70800,2021-09-11
209339,20210911 19:29,D,Central Campus Transit Center: Ruthven Museum,C251,,0,CC,CC,NORTHBOUND,Pierpont Commons,20210911 19:30,4303NWL,209339,False,0,DUE,,,70200,2021-09-11
209343,20210911 19:19,D,Central Campus Transit Center: Ruthven Museum,C251,,0,CC,CC,NORTHBOUND,Pierpont Commons,20210911 19:20,4404CC,209343,False,0,DUE,,,69600,2021-09-11
209347,20210911 19:09,D,Central Campus Transit Center: Ruthven Museum,C251,,0,CC,CC,NORTHBOUND,Pierpont Commons,20210911 19:10,4303NWL,209347,False,0,DUE,,,69000,2021-09-11
209351,20210911 18:59,D,Central Campus Transit Center: Ruthven Museum,C251,,0,CC,CC,NORTHBOUND,Pierpont Commons,20210911 19:00,4404CC,209351,False,0,DUE,,,68400,2021-09-11
209354,20210911 18:54,D,Central Campus Transit Center: Ruthven Museum,C251,,0,CC,CC,NORTHBOUND,Pierpont Commons,20210911 18:55,4412CC,209354,False,0,DUE,,,68100,2021-09-11
209358,20210911 18:49,D,Central Campus Transit Center: Ruthven Museum,C251,,0,CC,CC,NORTHBOUND,Pierpont Commons,20210911 18:50,4202BBL,209358,False,0,DUE,,,67800,2021-09-11
209361,20210911 18:44,D,Central Campus Transit Center: Ruthven Museum,C251,,0,CC,CC,NORTHBOUND,Pierpont Commons,20210911 18:45,4411CC,209361,False,0,DUE,,,67500,2021-09-11
209365,20210911 18:39,D,Central Campus Transit Center: Ruthven Museum,C251,,0,CC,CC,NORTHBOUND,Pierpont Commons,20210911 18:40,4404CC,209365,False,0,DUE,,,67200,2021-09-11
209368,20210911 18:34,D,Central Campus Transit Center: Ruthven Museum,C251,,0,CC,CC,NORTHBOUND,Pierpont Commons,20210911 18:35,4412CC,209368,False,0,DUE,,,66900,2021-09-11
209372,20210911 18:29,D,Central Campus Transit Center: Ruthven Museum,C251,,0,CC,CC,NORTHBOUND,Pierpont Commons,20210911 18:30,4202BBL,209372,False,0,DUE,,,66600,2021-09-11
209375,20210911 18:24,D,Central Campus Transit Center: Ruthven Museum,C251,,0,CC,CC,NORTHBOUND,Pierpont Commons,20210911 18:25,4411CC,209375,False,0,DUE,,,66300,2021-09-11
209379,20210911 18:19,D,Central Campus Transit Center: Ruthven Museum,C251,,0,CC,CC,NORTHBOUND,Pierpont Commons,20210911 18:20,4404CC,209379,False,0,DUE,,,66000,2021-09-11
209382,20210911 18:14,D,Central Campus Transit Center: Ruthven Museum,C251,,0,CC,CC,NORTHBOUND,Pierpont Commons,20210911 18:15,4412CC,209382,False,0,DUE,,,65700,2021-09-11
209386,20210911 18:09,D,Central Campus Transit Center: Ruthven Museum,C251,,0,CC,CC,NORTHBOUND,Pierpont Commons,20210911 18:10,4407CC,209386,False,0,DUE,,,65400,2021-09-11
209389,20210911 18:04,D,Central Campus Transit Center: Ruthven Museum,C251,,0,CC,CC,NORTHBOUND,Pierpont Commons,20210911 18:05,4411CC,209389,False,0,DUE,,,65100,2021-09-11
209393,20210911 17:59,D,Central Campus Transit Center: Ruthven Museum,C251,,0,CC,CC,NORTHBOUND,Pierpont Commons,20210911 18:00,4404CC,209393,False,0,DUE,,,64800,2021-09-11
209396,20210911 17:54,D,Central Campus Transit Center: Ruthven Museum,C251,,0,CC,CC,NORTHBOUND,Pierpont Commons,20210911 17:55,4412CC,209396,False,0,DUE,,,64500,2021-09-11
209400,20210911 17:49,D,Central Campus Transit Center: Ruthven Museum,C251,,0,CC,CC,NORTHBOUND,Pierpont Commons,20210911 17:50,4407CC,209400,False,0,DUE,,,64200,2021-09-11
209403,20210911 17:44,D,Central Campus Transit Center: Ruthven Museum,C251,,0,CC,CC,NORTHBOUND,Pierpont Commons,20210911 17:45,4411CC,209403,False,0,DUE,,,63900,2021-09-11
209407,20210911 17:39,D,Central Campus Transit Center: Ruthven Museum,C251,,0,CC,CC,NORTHBOUND,Pierpont Commons,20210911 17:40,4405CC,209407,False,0,DUE,,,63600,2021-09-11
209411,20210911 17:29,D,Central Campus Transit Center: Ruthven Museum,C251,,0,CC,CC,NORTHBOUND,Pierpont Commons,20210911 17:30,4407CC,209411,False,0,DUE,,,63000,2021-09-11
209414,20210911 17:24,D,Central Campus Transit Center: Ruthven Museum,C251,,0,CC,CC,NORTHBOUND,Pierpont Commons,20210911 17:25,4411CC,209414,False,0,DUE,,,62700,2021-09-11
209418,20210911 17:19,D,Central Campus Transit Center: Ruthven Museum,C251,,0,CC,CC,NORTHBOUND,Pierpont Commons,20210911 17:20,4405CC,209418,False,0,DUE,,,62400,2021-09-11
209421,20210911 17:14,D,Central Campus Transit Center: Ruthven Museum,C251,,0,CC,CC,NORTHBOUND,Pierpont Commons,20210911 17:15,4412CC,209421,False,0,DUE,,,62100,2021-09-11
209425,20210911 17:09,D,Central Campus Transit Center: Ruthven Museum,C251,,0,CC,CC,NORTHBOUND,Pierpont Commons,20210911 17:10,4407CC,209425,False,0,DUE,,,61800,2021-09-11
209429,20210911 16:59,D,Central Campus Transit Center: Ruthven Museum,C251,,0,CC,CC,NORTHBOUND,Pierpont Commons,20210911 17:00,4405CC,209429,False,0,DUE,,,61200,2021-09-11
209432,20210911 16:54,D,Central Campus Transit Center: Ruthven Museum,C251,,0,CC,CC,NORTHBOUND,Pierpont Commons,20210911 16:55,4412CC,209432,False,0,DUE,,,60900,2021-09-11
209436,20210911 16:49,D,Central Campus Transit Center: Ruthven Museum,C251,,0,CC,CC,NORTHBOUND,Pierpont Commons,20210911 16:50,4407CC,209436,False,0,DUE,,,60600,2021-09-11
209439,20210911 16:44,D,Central Campus Transit Center: Ruthven Museum,C251,,0,CC,CC,NORTHBOUND,Pierpont Commons,20210911 16:45,4411CC,209439,False,0,DUE,,,60300,2021-09-11
209443,20210911 16:39,D,Central Campus Transit Center: Ruthven Museum,C251,,0,CC,CC,NORTHBOUND,Pierpont Commons,20210911 16:40,4406CC,209443,False,0,DUE,,,60000,2021-09-11
209446,20210911 16:34,D,Central Campus Transit Center: Ruthven Museum,C251,,0,CC,CC,NORTHBOUND,Pierpont Commons,20210911 16:35,4412CC,209446,False,0,DUE,,,59700,2021-09-11
209450,20210911 16:29,D,Central Campus Transit Center: Ruthven Museum,C251,,0,CC,CC,NORTHBOUND,Pierpont Commons,20210911 16:30,4407CC,209450,False,0,DUE,,,59400,2021-09-11
209453,20210911 16:24,D,Central Campus Transit Center: Ruthven Museum,C251,,0,CC,CC,NORTHBOUND,Pierpont Commons,20210911 16:25,4411CC,209453,False,0,DUE,,,59100,2021-09-11
209457,20210911 16:19,D,Central Campus Transit Center: Ruthven Museum,C251,,0,CC,CC,NORTHBOUND,Pierpont Commons,20210911 16:20,4405CC,209457,False,0,DUE,,,58800,2021-09-11
209460,20210911 16:14,D,Central Campus Transit Center: Ruthven Museum,C251,,0,CC,CC,NORTHBOUND,Pierpont Commons,20210911 16:15,4412CC,209460,False,0,DUE,,,58500,2021-09-11
209464,20210911 16:09,D,Central Campus Transit Center: Ruthven Museum,C251,,0,CC,CC,NORTHBOUND,Pierpont Commons,20210911 16:10,4407CC,209464,False,0,DUE,,,58200,2021-09-11
209467,20210911 16:04,D,Central Campus Transit Center: Ruthven Museum,C251,,0,CC,CC,NORTHBOUND,Pierpont Commons,20210911 16:05,4411CC,209467,False,0,DUE,,,57900,2021-09-11
209471,20210911 15:59,D,Central Campus Transit Center: Ruthven Museum,C251,,0,CC,CC,NORTHBOUND,Pierpont Commons,20210911 16:00,4405CC,209471,False,0,DUE,,,57600,2021-09-11
209474,20210911 15:54,D,Central Campus Transit Center: Ruthven Museum,C251,,0,CC,CC,NORTHBOUND,Pierpont Commons,20210911 15:55,4412CC,209474,False,0,DUE,,,57300,2021-09-11
209478,20210911 15:49,D,Central Campus Transit Center: Ruthven Museum,C251,,0,CC,CC,NORTHBOUND,Pierpont Commons,20210911 15:50,4406CC,209478,False,0,DUE,,,57000,2021-09-11
209481,20210911 15:44,D,Central Campus Transit Center: Ruthven Museum,C251,,0,CC,CC,NORTHBOUND,Pierpont Commons,20210911 15:45,4411CC,209481,False,0,DUE,,,56700,2021-09-11
209485,20210911 15:39,D,Central Campus Transit Center: Ruthven Museum,C251,,0,CC,CC,NORTHBOUND,Pierpont Commons,20210911 15:40,4405CC,209485,False,0,DUE,,,56400,2021-09-11
209489,20210911 15:29,D,Central Campus Transit Center: Ruthven Museum,C251,,0,CC,CC,NORTHBOUND,Pierpont Commons,20210911 15:30,4406CC,209489,False,0,DUE,,,55800,2021-09-11
209492,20210911 15:24,D,Central Campus Transit Center: Ruthven Museum,C251,,0,CC,CC,NORTHBOUND,Pierpont Commons,20210911 15:25,4411CC,209492,False,0,DUE,,,55500,2021-09-11
209496,20210911 15:19,D,Central Campus Transit Center: Ruthven Museum,C251,,0,CC,CC,NORTHBOUND,Pierpont Commons,20210911 15:20,4405CC,209496,False,0,DUE,,,55200,2021-09-11
209499,20210911 15:14,D,Central Campus Transit Center: Ruthven Museum,C251,,0,CC,CC,NORTHBOUND,Pierpont Commons,20210911 15:15,4412CC,209499,False,0,DUE,,,54900,2021-09-11
209503,20210911 15:09,D,Central Campus Transit Center: Ruthven Museum,C251,,0,CC,CC,NORTHBOUND,Pierpont Commons,20210911 15:10,4301NWL,209503,False,0,DUE,,,54600,2021-09-11
209507,20210911 14:59,D,Central Campus Transit Center: Ruthven Museum,C251,,0,CC,CC,NORTHBOUND,Pierpont Commons,20210911 15:00,4401CC,209507,False,0,DUE,,,54000,2021-09-11
209510,20210911 14:54,D,Central Campus Transit Center: Ruthven Museum,C251,,0,CC,CC,NORTHBOUND,Pierpont Commons,20210911 14:55,4412CC,209510,False,0,DUE,,,53700,2021-09-11
209514,20210911 14:49,D,Central Campus Transit Center: Ruthven Museum,C251,,0,CC,CC,NORTHBOUND,Pierpont Commons,20210911 14:50,4301NWL,209514,False,0,DUE,,,53400,2021-09-11
209517,20210911 14:44,D,Central Campus Transit Center: Ruthven Museum,C251,,0,CC,CC,NORTHBOUND,Pierpont Commons,20210911 14:45,4411CC,209517,False,0,DUE,,,53100,2021-09-11
209521,20210911 14:39,D,Central Campus Transit Center: Ruthven Museum,C251,,0,CC,CC,NORTHBOUND,Pierpont Commons,20210911 14:40,4401CC,209521,False,0,DUE,,,52800,2021-09-11
209524,20210911 14:34,D,Central Campus Transit Center: Ruthven Museum,C251,,0,CC,CC,NORTHBOUND,Pierpont Commons,20210911 14:35,4412CC,209524,False,0,DUE,,,52500,2021-09-11
209528,20210911 14:29,D,Central Campus Transit Center: Ruthven Museum,C251,,0,CC,CC,NORTHBOUND,Pierpont Commons,20210911 14:30,4404CC,209528,False,0,DUE,,,52200,2021-09-11
209531,20210911 14:24,D,Central Campus Transit Center: Ruthven Museum,C251,,0,CC,CC,NORTHBOUND,Pierpont Commons,20210911 14:25,4411CC,209531,False,0,DUE,,,51900,2021-09-11
209535,20210911 14:19,D,Central Campus Transit Center: Ruthven Museum,C251,,0,CC,CC,NORTHBOUND,Pierpont Commons,20210911 14:20,4401CC,209535,False,0,DUE,,,51600,2021-09-11
209538,20210911 14:14,D,Central Campus Transit Center: Ruthven Museum,C251,,0,CC,CC,NORTHBOUND,Pierpont Commons,20210911 14:15,4412CC,209538,False,0,DUE,,,51300,2021-09-11
209542,20210911 14:09,D,Central Campus Transit Center: Ruthven Museum,C251,,0,CC,CC,NORTHBOUND,Pierpont Commons,20210911 14:10,4404CC,209542,False,0,DUE,,,51000,2021-09-11
209545,20210911 14:04,D,Central Campus Transit Center: Ruthven Museum,C251,,0,CC,CC,NORTHBOUND,Pierpont Commons,20210911 14:05,4411CC,209545,False,0,DUE,,,50700,2021-09-11
209549,20210911 13:59,D,Central Campus Transit Center: Ruthven Museum,C251,,0,CC,CC,NORTHBOUND,Pierpont Commons,20210911 14:00,4401CC,209549,False,0,DUE,,,50400,2021-09-11
209552,20210911 13:54,D,Central Campus Transit Center: Ruthven Museum,C251,,0,CC,CC,NORTHBOUND,Pierpont Commons,20210911 13:55,4412CC,209552,False,0,DUE,,,50100,2021-09-11
209556,20210911 13:49,D,Central Campus Transit Center: Ruthven Museum,C251,,0,CC,CC,NORTHBOUND,Pierpont Commons,20210911 13:50,4404CC,209556,False,0,DUE,,,49800,2021-09-11
209559,20210911 13:44,D,Central Campus Transit Center: Ruthven Museum,C251,,0,CC,CC,NORTHBOUND,Pierpont Commons,20210911 13:45,4411CC,209559,False,0,DUE,,,49500,2021-09-11
209563,20210911 13:39,D,Central Campus Transit Center: Ruthven Museum,C251,,0,CC,CC,NORTHBOUND,Pierpont Commons,20210911 13:40,4401CC,209563,False,0,DUE,,,49200,2021-09-11
209567,20210911 13:29,D,Central Campus Transit Center: Ruthven Museum,C251,,0,CC,CC,NORTHBOUND,Pierpont Commons,20210911 13:30,4404CC,209567,False,0,DUE,,,48600,2021-09-11
209570,20210911 13:24,D,Central Campus Transit Center: Ruthven Museum,C251,,0,CC,CC,NORTHBOUND,Pierpont Commons,20210911 13:25,4411CC,209570,False,0,DUE,,,48300,2021-09-11
209574,20210911 13:19,D,Central Campus Transit Center: Ruthven Museum,C251,,0,CC,CC,NORTHBOUND,Pierpont Commons,20210911 13:20,4401CC,209574,False,0,DUE,,,48000,2021-09-11
209577,20210911 13:14,D,Central Campus Transit Center: Ruthven Museum,C251,,0,CC,CC,NORTHBOUND,Pierpont Commons,20210911 13:15,4412CC,209577,False,0,DUE,,,47700,2021-09-11
209581,20210911 13:09,D,Central Campus Transit Center: Ruthven Museum,C251,,0,CC,CC,NORTHBOUND,Pierpont Commons,20210911 13:10,4404CC,209581,False,0,DUE,,,47400,2021-09-11
209585,20210911 12:59,D,Central Campus Transit Center: Ruthven Museum,C251,,0,CC,CC,NORTHBOUND,Pierpont Commons,20210911 13:00,4401CC,209585,False,0,DUE,,,46800,2021-09-11
209588,20210911 12:54,D,Central Campus Transit Center: Ruthven Museum,C251,,0,CC,CC,NORTHBOUND,Pierpont Commons,20210911 12:55,4412CC,209588,False,0,DUE,,,46500,2021-09-11
209592,20210911 12:49,D,Central Campus Transit Center: Ruthven Museum,C251,,0,CC,CC,NORTHBOUND,Pierpont Commons,20210911 12:50,4404CC,209592,False,0,DUE,,,46200,2021-09-11
209595,20210911 12:44,D,Central Campus Transit Center: Ruthven Museum,C251,,0,CC,CC,NORTHBOUND,Pierpont Commons,20210911 12:45,4411CC,209595,False,0,DUE,,,45900,2021-09-11
209599,20210911 12:39,D,Central Campus Transit Center: Ruthven Museum,C251,,0,CC,CC,NORTHBOUND,Pierpont Commons,20210911 12:40,4401CC,209599,False,0,DUE,,,45600,2021-09-11
209602,20210911 12:34,D,Central Campus Transit Center: Ruthven Museum,C251,,0,CC,CC,NORTHBOUND,Pierpont Commons,20210911 12:35,4412CC,209602,False,0,DUE,,,45300,2021-09-11
209606,20210911 12:29,D,Central Campus Transit Center: Ruthven Museum,C251,,0,CC,CC,NORTHBOUND,Pierpont Commons,20210911 12:30,4403CC,209606,False,0,DUE,,,45000,2021-09-11
209609,20210911 12:24,D,Central Campus Transit Center: Ruthven Museum,C251,,0,CC,CC,NORTHBOUND,Pierpont Commons,20210911 12:25,4411CC,209609,False,0,DUE,,,44700,2021-09-11
209613,20210911 12:19,D,Central Campus Transit Center: Ruthven Museum,C251,,0,CC,CC,NORTHBOUND,Pierpont Commons,20210911 12:20,4201BBL,209613,False,0,DUE,,,44400,2021-09-11
209616,20210911 12:14,D,Central Campus Transit Center: Ruthven Museum,C251,,0,CC,CC,NORTHBOUND,Pierpont Commons,20210911 12:15,4412CC,209616,False,0,DUE,,,44100,2021-09-11
209620,20210911 12:09,D,Central Campus Transit Center: Ruthven Museum,C251,,0,CC,CC,NORTHBOUND,Pierpont Commons,20210911 12:10,4403CC,209620,False,0,DUE,,,43800,2021-09-11
209623,20210911 12:04,D,Central Campus Transit Center: Ruthven Museum,C251,,0,CC,CC,NORTHBOUND,Pierpont Commons,20210911 12:05,4411CC,209623,False,0,DUE,,,43500,2021-09-11
209627,20210911 11:59,D,Central Campus Transit Center: Ruthven Museum,C251,,0,CC,CC,NORTHBOUND,Pierpont Commons,20210911 12:00,4201BBL,209627,False,0,DUE,,,43200,2021-09-11
209630,20210911 11:54,D,Central Campus Transit Center: Ruthven Museum,C251,,0,CC,CC,NORTHBOUND,Pierpont Commons,20210911 11:55,4412CC,209630,False,0,DUE,,,42900,2021-09-11
209634,20210911 11:49,D,Central Campus Transit Center: Ruthven Museum,C251,,0,CC,CC,NORTHBOUND,Pierpont Commons,20210911 11:50,4403CC,209634,False,0,DUE,,,42600,2021-09-11
209637,20210911 11:44,D,Central Campus Transit Center: Ruthven Museum,C251,,0,CC,CC,NORTHBOUND,Pierpont Commons,20210911 11:45,4411CC,209637,False,0,DUE,,,42300,2021-09-11
209641,20210911 11:39,D,Central Campus Transit Center: Ruthven Museum,C251,,0,CC,CC,NORTHBOUND,Pierpont Commons,20210911 11:40,4201BBL,209641,False,0,DUE,,,42000,2021-09-11
209645,20210911 11:29,D,Central Campus Transit Center: Ruthven Museum,C251,,0,CC,CC,NORTHBOUND,Pierpont Commons,20210911 11:30,4403CC,209645,False,0,DUE,,,41400,2021-09-11
209649,20210911 11:19,D,Central Campus Transit Center: Ruthven Museum,C251,,0,CC,CC,NORTHBOUND,Pierpont Commons,20210911 11:20,4201BBL,209649,False,0,DUE,,,40800,2021-09-11
209653,20210911 11:09,D,Central Campus Transit Center: Ruthven Museum,C251,,0,CC,CC,NORTHBOUND,Pierpont Commons,20210911 11:10,4403CC,209653,False,0,DUE,,,40200,2021-09-11
209657,20210911 10:59,D,Central Campus Transit Center: Ruthven Museum,C251,,0,CC,CC,NORTHBOUND,Pierpont Commons,20210911 11:00,4201BBL,209657,False,0,DUE,,,39600,2021-09-11
209661,20210911 10:49,D,Central Campus Transit Center: Ruthven Museum,C251,,0,CC,CC,NORTHBOUND,Pierpont Commons,20210911 10:50,4401CC,209661,False,0,DUE,,,39000,2021-09-11
209665,20210911 10:39,D,Central Campus Transit Center: Ruthven Museum,C251,,0,CC,CC,NORTHBOUND,Pierpont Commons,20210911 10:40,4201BBL,209665,False,0,DUE,,,38400,2021-09-11
209669,20210911 10:29,D,Central Campus Transit Center: Ruthven Museum,C251,,0,CC,CC,NORTHBOUND,Pierpont Commons,20210911 10:30,4401CC,209669,False,0,DUE,,,37800,2021-09-11
209673,20210911 10:19,D,Central Campus Transit Center: Ruthven Museum,C251,,0,CC,CC,NORTHBOUND,Pierpont Commons,20210911 10:20,4403CC,209673,False,0,DUE,,,37200,2021-09-11
209677,20210911 10:09,D,Central Campus Transit Center: Ruthven Museum,C251,,0,CC,CC,NORTHBOUND,Pierpont Commons,20210911 10:10,4402CC,209677,False,0,DUE,,,36600,2021-09-11
209681,20210911 09:59,D,Central Campus Transit Center: Ruthven Museum,C251,,0,CC,CC,NORTHBOUND,Pierpont Commons,20210911 10:00,4403CC,209681,False,0,DUE,,,36000,2021-09-11
209685,20210911 09:49,D,Central Campus Transit Center: Ruthven Museum,C251,,0,CC,CC,NORTHBOUND,Pierpont Commons,20210911 09:50,4402CC,209685,False,0,DUE,,,35400,2021-09-11
209689,20210911 09:39,D,Central Campus Transit Center: Ruthven Museum,C251,,0,CC,CC,NORTHBOUND,Pierpont Commons,20210911 09:40,4403CC,209689,False,0,DUE,,,34800,2021-09-11
209693,20210911 09:29,D,Central Campus Transit Center: Ruthven Museum,C251,,0,CC,CC,NORTHBOUND,Pierpont Commons,20210911 09:30,4402CC,209693,False,0,DUE,,,34200,2021-09-11
209697,20210911 09:19,D,Central Campus Transit Center: Ruthven Museum,C251,,0,CC,CC,NORTHBOUND,Pierpont Commons,20210911 09:20,4403CC,209697,False,0,DUE,,,33600,2021-09-11
209701,20210911 09:09,D,Central Campus Transit Center: Ruthven Museum,C251,,0,CC,CC,NORTHBOUND,Pierpont Commons,20210911 09:10,4402CC,209701,False,0,DUE,,,33000,2021-09-11
209705,20210911 08:59,D,Central Campus Transit Center: Ruthven Museum,C251,,0,CC,CC,NORTHBOUND,Pierpont Commons,20210911 09:00,4403CC,209705,False,0,DUE,,,32400,2021-09-11
209709,20210911 08:49,D,Central Campus Transit Center: Ruthven Museum,C251,,0,CC,CC,NORTHBOUND,Pierpont Commons,20210911 08:50,4402CC,209709,False,0,DUE,,,31800,2021-09-11
209713,20210911 08:39,D,Central Campus Transit Center: Ruthven Museum,C251,,0,CC,CC,NORTHBOUND,Pierpont Commons,20210911 08:40,4401CC,209713,False,0,DUE,,,31200,2021-09-11
209717,20210911 08:29,D,Central Campus Transit Center: Ruthven Museum,C251,,0,CC,CC,NORTHBOUND,Pierpont Commons,20210911 08:30,4402CC,209717,False,0,DUE,,,30600,2021-09-11
209721,20210911 08:19,D,Central Campus Transit Center: Ruthven Museum,C251,,0,CC,CC,NORTHBOUND,Pierpont Commons,20210911 08:20,4401CC,209721,False,0,DUE,,,30000,2021-09-11
209725,20210911 08:09,D,Central Campus Transit Center: Ruthven Museum,C251,,0,CC,CC,NORTHBOUND,Pierpont Commons,20210911 08:10,4402CC,209725,False,0,DUE,,,29400,2021-09-11
209729,20210911 07:59,D,Central Campus Transit Center: Ruthven Museum,C251,,0,CC,CC,NORTHBOUND,Pierpont Commons,20210911 08:00,4401CC,209729,False,0,DUE,,,28800,2021-09-11
210389,20210913 01:59,D,Central Campus Transit Center: Ruthven Museum,C251,,0,CC,CC,NORTHBOUND,Pierpont Commons,20210913 02:00,4408CC,210389,False,0,DUE,,,93600,2021-09-12
210391,20210913 01:52,D,Central Campus Transit Center: Ruthven Museum,C251,,0,CC,CC,NORTHBOUND,Pierpont Commons,20210913 01:53,4802OXM,210391,False,0,DUE,,,93180,2021-09-12
210393,20210913 01:46,D,Central Campus Transit Center: Ruthven Museum,C251,,0,CC,CC,NORTHBOUND,Pierpont Commons,20210913 01:47,4410CC,210393,False,0,DUE,,,92820,2021-09-12
210395,20210913 01:39,D,Central Campus Transit Center: Ruthven Museum,C251,,0,CC,CC,NORTHBOUND,Pierpont Commons,20210913 01:40,4408CC,210395,False,0,DUE,,,92400,2021-09-12
210397,20210913 01:32,D,Central Campus Transit Center: Ruthven Museum,C251,,0,CC,CC,NORTHBOUND,Pierpont Commons,20210913 01:33,4802OXM,210397,False,0,DUE,,,91980,2021-09-12
210399,20210913 01:26,D,Central Campus Transit Center: Ruthven Museum,C251,,0,CC,CC,NORTHBOUND,Pierpont Commons,20210913 01:27,4410CC,210399,False,0,DUE,,,91620,2021-09-12
210401,20210913 01:19,D,Central Campus Transit Center: Ruthven Museum,C251,,0,CC,CC,NORTHBOUND,Pierpont Commons,20210913 01:20,4408CC,210401,False,0,DUE,,,91200,2021-09-12
210403,20210913 01:12,D,Central Campus Transit Center: Ruthven Museum,C251,,0,CC,CC,NORTHBOUND,Pierpont Commons,20210913 01:13,4802OXM,210403,False,0,DUE,,,90780,2021-09-12
210405,20210913 01:06,D,Central Campus Transit Center: Ruthven Museum,C251,,0,CC,CC,NORTHBOUND,Pierpont Commons,20210913 01:07,4410CC,210405,False,0,DUE,,,90420,2021-09-12
210408,20210913 00:59,D,Central Campus Transit Center: Ruthven Museum,C251,,0,CC,CC,NORTHBOUND,Pierpont Commons,20210913 01:00,4409CC,210408,False,0,DUE,,,90000,2021-09-12
210410,20210913 00:52,D,Central Campus Transit Center: Ruthven Museum,C251,,0,CC,CC,NORTHBOUND,Pierpont Commons,20210913 00:53,4802OXM,210410,False,0,DUE,,,89580,2021-09-12
210413,20210913 00:46,D,Central Campus Transit Center: Ruthven Museum,C251,,0,CC,CC,NORTHBOUND,Pierpont Commons,20210913 00:47,4408CC,210413,False,0,DUE,,,89220,2021-09-12
210416,20210913 00:39,D,Central Campus Transit Center: Ruthven Museum,C251,,0,CC,CC,NORTHBOUND,Pierpont Commons,20210913 00:40,4409CC,210416,False,0,DUE,,,88800,2021-09-12
210418,20210913 00:32,D,Central Campus Transit Center: Ruthven Museum,C251,,0,CC,CC,NORTHBOUND,Pierpont Commons,20210913 00:33,4410CC,210418,False,0,DUE,,,88380,2021-09-12
210421,20210913 00:26,D,Central Campus Transit Center: Ruthven Museum,C251,,0,CC,CC,NORTHBOUND,Pierpont Commons,20210913 00:27,4408CC,210421,False,0,DUE,,,88020,2021-09-12
210424,20210913 00:19,D,Central Campus Transit Center: Ruthven Museum,C251,,0,CC,CC,NORTHBOUND,Pierpont Commons,20210913 00:20,4409CC,210424,False,0,DUE,,,87600,2021-09-12
210426,20210913 00:12,D,Central Campus Transit Center: Ruthven Museum,C251,,0,CC,CC,NORTHBOUND,Pierpont Commons,20210913 00:13,4802OXM,210426,False,0,DUE,,,87180,2021-09-12
210429,20210913 00:06,D,Central Campus Transit Center: Ruthven Museum,C251,,0,CC,CC,NORTHBOUND,Pierpont Commons,20210913 00:07,4408CC,210429,False,0,DUE,,,86820,2021-09-12
210433,20210912 23:59,D,Central Campus Transit Center: Ruthven Museum,C251,,0,CC,CC,NORTHBOUND,Pierpont Commons,20210913 00:00,4409CC,210433,False,0,DUE,,,86400,2021-09-12
210436,20210912 23:52,D,Central Campus Transit Center: Ruthven Museum,C251,,0,CC,CC,NORTHBOUND,Pierpont Commons,20210912 23:53,4802OXM,210436,False,0,DUE,,,85980,2021-09-12
210440,20210912 23:46,D,Central Campus Transit Center: Ruthven Museum,C251,,0,CC,CC,NORTHBOUND,Pierpont Commons,20210912 23:47,4410CC,210440,False,0,DUE,,,85620,2021-09-12
210444,20210912 23:39,D,Central Campus Transit Center: Ruthven Museum,C251,,0,CC,CC,NORTHBOUND,Pierpont Commons,20210912 23:40,4409CC,210444,False,0,DUE,,,85200,2021-09-12
210447,20210912 23:32,D,Central Campus Transit Center: Ruthven Museum,C251,,0,CC,CC,NORTHBOUND,Pierpont Commons,20210912 23:33,4802OXM,210447,False,0,DUE,,,84780,2021-09-12
210451,20210912 23:26,D,Central Campus Transit Center: Ruthven Museum,C251,,0,CC,CC,NORTHBOUND,Pierpont Commons,20210912 23:27,4410CC,210451,False,0,DUE,,,84420,2021-09-12
210455,20210912 23:19,D,Central Campus Transit Center: Ruthven Museum,C251,,0,CC,CC,NORTHBOUND,Pierpont Commons,20210912 23:20,4408CC,210455,False,0,DUE,,,84000,2021-09-12
210458,20210912 23:12,D,Central Campus Transit Center: Ruthven Museum,C251,,0,CC,CC,NORTHBOUND,Pierpont Commons,20210912 23:13,4802OXM,210458,False,0,DUE,,,83580,2021-09-12
210462,20210912 23:06,D,Central Campus Transit Center: Ruthven Museum,C251,,0,CC,CC,NORTHBOUND,Pierpont Commons,20210912 23:07,4410CC,210462,False,0,DUE,,,83220,2021-09-12
210466,20210912 22:59,D,Central Campus Transit Center: Ruthven Museum,C251,,0,CC,CC,NORTHBOUND,Pierpont Commons,20210912 23:00,4408CC,210466,False,0,DUE,,,82800,2021-09-12
210469,20210912 22:52,D,Central Campus Transit Center: Ruthven Museum,C251,,0,CC,CC,NORTHBOUND,Pierpont Commons,20210912 22:53,4409CC,210469,False,0,DUE,,,82380,2021-09-12
210473,20210912 22:46,D,Central Campus Transit Center: Ruthven Museum,C251,,0,CC,CC,NORTHBOUND,Pierpont Commons,20210912 22:47,4410CC,210473,False,0,DUE,,,82020,2021-09-12
210477,20210912 22:39,D,Central Campus Transit Center: Ruthven Museum,C251,,0,CC,CC,NORTHBOUND,Pierpont Commons,20210912 22:40,4408CC,210477,False,0,DUE,,,81600,2021-09-12
210480,20210912 22:32,D,Central Campus Transit Center: Ruthven Museum,C251,,0,CC,CC,NORTHBOUND,Pierpont Commons,20210912 22:33,4409CC,210480,False,0,DUE,,,81180,2021-09-12
210484,20210912 22:26,D,Central Campus Transit Center: Ruthven Museum,C251,,0,CC,CC,NORTHBOUND,Pierpont Commons,20210912 22:27,4802OXM,210484,False,0,DUE,,,80820,2021-09-12
210488,20210912 22:19,D,Central Campus Transit Center: Ruthven Museum,C251,,0,CC,CC,NORTHBOUND,Pierpont Commons,20210912 22:20,4408CC,210488,False,0,DUE,,,80400,2021-09-12
210491,20210912 22:12,D,Central Campus Transit Center: Ruthven Museum,C251,,0,CC,CC,NORTHBOUND,Pierpont Commons,20210912 22:13,4409CC,210491,False,0,DUE,,,79980,2021-09-12
210495,20210912 22:06,D,Central Campus Transit Center: Ruthven Museum,C251,,0,CC,CC,NORTHBOUND,Pierpont Commons,20210912 22:07,4802OXM,210495,False,0,DUE,,,79620,2021-09-12
210499,20210912 21:59,D,Central Campus Transit Center: Ruthven Museum,C251,,0,CC,CC,NORTHBOUND,Pierpont Commons,20210912 22:00,4410CC,210499,False,0,DUE,,,79200,2021-09-12
210502,20210912 21:52,D,Central Campus Transit Center: Ruthven Museum,C251,,0,CC,CC,NORTHBOUND,Pierpont Commons,20210912 21:53,4408CC,210502,False,0,DUE,,,78780,2021-09-12
210506,20210912 21:46,D,Central Campus Transit Center: Ruthven Museum,C251,,0,CC,CC,NORTHBOUND,Pierpont Commons,20210912 21:47,4802OXM,210506,False,0,DUE,,,78420,2021-09-12
210510,20210912 21:39,D,Central Campus Transit Center: Ruthven Museum,C251,,0,CC,CC,NORTHBOUND,Pierpont Commons,20210912 21:40,4410CC,210510,False,0,DUE,,,78000,2021-09-12
210513,20210912 21:32,D,Central Campus Transit Center: Ruthven Museum,C251,,0,CC,CC,NORTHBOUND,Pierpont Commons,20210912 21:33,4408CC,210513,False,0,DUE,,,77580,2021-09-12
210517,20210912 21:26,D,Central Campus Transit Center: Ruthven Museum,C251,,0,CC,CC,NORTHBOUND,Pierpont Commons,20210912 21:27,4409CC,210517,False,0,DUE,,,77220,2021-09-12
210521,20210912 21:19,D,Central Campus Transit Center: Ruthven Museum,C251,,0,CC,CC,NORTHBOUND,Pierpont Commons,20210912 21:20,4410CC,210521,False,0,DUE,,,76800,2021-09-12
210524,20210912 21:12,D,Central Campus Transit Center: Ruthven Museum,C251,,0,CC,CC,NORTHBOUND,Pierpont Commons,20210912 21:13,4408CC,210524,False,0,DUE,,,76380,2021-09-12
210528,20210912 21:06,D,Central Campus Transit Center: Ruthven Museum,C251,,0,CC,CC,NORTHBOUND,Pierpont Commons,20210912 21:07,4409CC,210528,False,0,DUE,,,76020,2021-09-12
210532,20210912 20:59,D,Central Campus Transit Center: Ruthven Museum,C251,,0,CC,CC,NORTHBOUND,Pierpont Commons,20210912 21:00,4802OXM,210532,False,0,DUE,,,75600,2021-09-12
210535,20210912 20:52,D,Central Campus Transit Center: Ruthven Museum,C251,,0,CC,CC,NORTHBOUND,Pierpont Commons,20210912 20:53,4408CC,210535,False,0,DUE,,,75180,2021-09-12
210539,20210912 20:46,D,Central Campus Transit Center: Ruthven Museum,C251,,0,CC,CC,NORTHBOUND,Pierpont Commons,20210912 20:47,4409CC,210539,False,0,DUE,,,74820,2021-09-12
210543,20210912 20:39,D,Central Campus Transit Center: Ruthven Museum,C251,,0,CC,CC,NORTHBOUND,Pierpont Commons,20210912 20:40,4802OXM,210543,False,0,DUE,,,74400,2021-09-12
210546,20210912 20:32,D,Central Campus Transit Center: Ruthven Museum,C251,,0,CC,CC,NORTHBOUND,Pierpont Commons,20210912 20:33,4408CC,210546,False,0,DUE,,,73980,2021-09-12
210550,20210912 20:26,D,Central Campus Transit Center: Ruthven Museum,C251,,0,CC,CC,NORTHBOUND,Pierpont Commons,20210912 20:27,4409CC,210550,False,0,DUE,,,73620,2021-09-12
210554,20210912 20:19,D,Central Campus Transit Center: Ruthven Museum,C251,,0,CC,CC,NORTHBOUND,Pierpont Commons,20210912 20:20,4802OXM,210554,False,0,DUE,,,73200,2021-09-12
210557,20210912 20:12,D,Central Campus Transit Center: Ruthven Museum,C251,,0,CC,CC,NORTHBOUND,Pierpont Commons,20210912 20:13,4408CC,210557,False,0,DUE,,,72780,2021-09-12
210561,20210912 20:06,D,Central Campus Transit Center: Ruthven Museum,C251,,0,CC,CC,NORTHBOUND,Pierpont Commons,20210912 20:07,4404CC,210561,False,0,DUE,,,72420,2021-09-12
210565,20210912 19:59,D,Central Campus Transit Center: Ruthven Museum,C251,,0,CC,CC,NORTHBOUND,Pierpont Commons,20210912 20:00,4802OXM,210565,False,0,DUE,,,72000,2021-09-12
210573,20210912 19:39,D,Central Campus Transit Center: Ruthven Museum,C251,,0,CC,CC,NORTHBOUND,Pierpont Commons,20210912 19:40,4802OXM,210573,False,0,DUE,,,70800,2021-09-12
210581,20210912 19:19,D,Central Campus Transit Center: Ruthven Museum,C251,,0,CC,CC,NORTHBOUND,Pierpont Commons,20210912 19:20,4404CC,210581,False,0,DUE,,,69600,2021-09-12
210589,20210912 18:59,D,Central Campus Transit Center: Ruthven Museum,C251,,0,CC,CC,NORTHBOUND,Pierpont Commons,20210912 19:00,4404CC,210589,False,0,DUE,,,68400,2021-09-12
210592,20210912 18:54,D,Central Campus Transit Center: Ruthven Museum,C251,,0,CC,CC,NORTHBOUND,Pierpont Commons,20210912 18:55,4412CC,210592,False,0,DUE,,,68100,2021-09-12
210596,20210912 18:49,D,Central Campus Transit Center: Ruthven Museum,C251,,0,CC,CC,NORTHBOUND,Pierpont Commons,20210912 18:50,4202BBL,210596,False,0,DUE,,,67800,2021-09-12
210599,20210912 18:44,D,Central Campus Transit Center: Ruthven Museum,C251,,0,CC,CC,NORTHBOUND,Pierpont Commons,20210912 18:45,4411CC,210599,False,0,DUE,,,67500,2021-09-12
210603,20210912 18:39,D,Central Campus Transit Center: Ruthven Museum,C251,,0,CC,CC,NORTHBOUND,Pierpont Commons,20210912 18:40,4404CC,210603,False,0,DUE,,,67200,2021-09-12
210606,20210912 18:34,D,Central Campus Transit Center: Ruthven Museum,C251,,0,CC,CC,NORTHBOUND,Pierpont Commons,20210912 18:35,4412CC,210606,False,0,DUE,,,66900,2021-09-12
210610,20210912 18:29,D,Central Campus Transit Center: Ruthven Museum,C251,,0,CC,CC,NORTHBOUND,Pierpont Commons,20210912 18:30,4202BBL,210610,False,0,DUE,,,66600,2021-09-12
210613,20210912 18:24,D,Central Campus Transit Center: Ruthven Museum,C251,,0,CC,CC,NORTHBOUND,Pierpont Commons,20210912 18:25,4411CC,210613,False,0,DUE,,,66300,2021-09-12
210617,20210912 18:19,D,Central Campus Transit Center: Ruthven Museum,C251,,0,CC,CC,NORTHBOUND,Pierpont Commons,20210912 18:20,4404CC,210617,False,0,DUE,,,66000,2021-09-12
210620,20210912 18:14,D,Central Campus Transit Center: Ruthven Museum,C251,,0,CC,CC,NORTHBOUND,Pierpont Commons,20210912 18:15,4412CC,210620,False,0,DUE,,,65700,2021-09-12
210624,20210912 18:09,D,Central Campus Transit Center: Ruthven Museum,C251,,0,CC,CC,NORTHBOUND,Pierpont Commons,20210912 18:10,4407CC,210624,False,0,DUE,,,65400,2021-09-12
210627,20210912 18:04,D,Central Campus Transit Center: Ruthven Museum,C251,,0,CC,CC,NORTHBOUND,Pierpont Commons,20210912 18:05,4411CC,210627,False,0,DUE,,,65100,2021-09-12
210631,20210912 17:59,D,Central Campus Transit Center: Ruthven Museum,C251,,0,CC,CC,NORTHBOUND,Pierpont Commons,20210912 18:00,4404CC,210631,False,0,DUE,,,64800,2021-09-12
210634,20210912 17:54,D,Central Campus Transit Center: Ruthven Museum,C251,,0,CC,CC,NORTHBOUND,Pierpont Commons,20210912 17:55,4412CC,210634,False,0,DUE,,,64500,2021-09-12
210638,20210912 17:49,D,Central Campus Transit Center: Ruthven Museum,C251,,0,CC,CC,NORTHBOUND,Pierpont Commons,20210912 17:50,4407CC,210638,False,0,DUE,,,64200,2021-09-12
210641,20210912 17:44,D,Central Campus Transit Center: Ruthven Museum,C251,,0,CC,CC,NORTHBOUND,Pierpont Commons,20210912 17:45,4411CC,210641,False,0,DUE,,,63900,2021-09-12
210649,20210912 17:29,D,Central Campus Transit Center: Ruthven Museum,C251,,0,CC,CC,NORTHBOUND,Pierpont Commons,20210912 17:30,4407CC,210649,False,0,DUE,,,63000,2021-09-12
210652,20210912 17:24,D,Central Campus Transit Center: Ruthven Museum,C251,,0,CC,CC,NORTHBOUND,Pierpont Commons,20210912 17:25,4411CC,210652,False,0,DUE,,,62700,2021-09-12
210659,20210912 17:14,D,Central Campus Transit Center: Ruthven Museum,C251,,0,CC,CC,NORTHBOUND,Pierpont Commons,20210912 17:15,4412CC,210659,False,0,DUE,,,62100,2021-09-12
210663,20210912 17:09,D,Central Campus Transit Center: Ruthven Museum,C251,,0,CC,CC,NORTHBOUND,Pierpont Commons,20210912 17:10,4407CC,210663,False,0,DUE,,,61800,2021-09-12
210670,20210912 16:54,D,Central Campus Transit Center: Ruthven Museum,C251,,0,CC,CC,NORTHBOUND,Pierpont Commons,20210912 16:55,4412CC,210670,False,0,DUE,,,60900,2021-09-12
210674,20210912 16:49,D,Central Campus Transit Center: Ruthven Museum,C251,,0,CC,CC,NORTHBOUND,Pierpont Commons,20210912 16:50,4407CC,210674,False,0,DUE,,,60600,2021-09-12
210677,20210912 16:44,D,Central Campus Transit Center: Ruthven Museum,C251,,0,CC,CC,NORTHBOUND,Pierpont Commons,20210912 16:45,4411CC,210677,False,0,DUE,,,60300,2021-09-12
210681,20210912 16:39,D,Central Campus Transit Center: Ruthven Museum,C251,,0,CC,CC,NORTHBOUND,Pierpont Commons,20210912 16:40,4406CC,210681,False,0,DUE,,,60000,2021-09-12
210684,20210912 16:34,D,Central Campus Transit Center: Ruthven Museum,C251,,0,CC,CC,NORTHBOUND,Pierpont Commons,20210912 16:35,4412CC,210684,False,0,DUE,,,59700,2021-09-12
210688,20210912 16:29,D,Central Campus Transit Center: Ruthven Museum,C251,,0,CC,CC,NORTHBOUND,Pierpont Commons,20210912 16:30,4407CC,210688,False,0,DUE,,,59400,2021-09-12
210691,20210912 16:24,D,Central Campus Transit Center: Ruthven Museum,C251,,0,CC,CC,NORTHBOUND,Pierpont Commons,20210912 16:25,4411CC,210691,False,0,DUE,,,59100,2021-09-12
210698,20210912 16:14,D,Central Campus Transit Center: Ruthven Museum,C251,,0,CC,CC,NORTHBOUND,Pierpont Commons,20210912 16:15,4412CC,210698,False,0,DUE,,,58500,2021-09-12
210702,20210912 16:09,D,Central Campus Transit Center: Ruthven Museum,C251,,0,CC,CC,NORTHBOUND,Pierpont Commons,20210912 16:10,4407CC,210702,False,0,DUE,,,58200,2021-09-12
210705,20210912 16:04,D,Central Campus Transit Center: Ruthven Museum,C251,,0,CC,CC,NORTHBOUND,Pierpont Commons,20210912 16:05,4411CC,210705,False,0,DUE,,,57900,2021-09-12
210712,20210912 15:54,D,Central Campus Transit Center: Ruthven Museum,C251,,0,CC,CC,NORTHBOUND,Pierpont Commons,20210912 15:55,4412CC,210712,False,0,DUE,,,57300,2021-09-12
210716,20210912 15:49,D,Central Campus Transit Center: Ruthven Museum,C251,,0,CC,CC,NORTHBOUND,Pierpont Commons,20210912 15:50,4406CC,210716,False,0,DUE,,,57000,2021-09-12
210719,20210912 15:44,D,Central Campus Transit Center: Ruthven Museum,C251,,0,CC,CC,NORTHBOUND,Pierpont Commons,20210912 15:45,4411CC,210719,False,0,DUE,,,56700,2021-09-12
210727,20210912 15:29,D,Central Campus Transit Center: Ruthven Museum,C251,,0,CC,CC,NORTHBOUND,Pierpont Commons,20210912 15:30,4406CC,210727,False,0,DUE,,,55800,2021-09-12
210730,20210912 15:24,D,Central Campus Transit Center: Ruthven Museum,C251,,0,CC,CC,NORTHBOUND,Pierpont Commons,20210912 15:25,4411CC,210730,False,0,DUE,,,55500,2021-09-12
210737,20210912 15:14,D,Central Campus Transit Center: Ruthven Museum,C251,,0,CC,CC,NORTHBOUND,Pierpont Commons,20210912 15:15,4412CC,210737,False,0,DUE,,,54900,2021-09-12
210748,20210912 14:54,D,Central Campus Transit Center: Ruthven Museum,C251,,0,CC,CC,NORTHBOUND,Pierpont Commons,20210912 14:55,4412CC,210748,False,0,DUE,,,53700,2021-09-12
210755,20210912 14:44,D,Central Campus Transit Center: Ruthven Museum,C251,,0,CC,CC,NORTHBOUND,Pierpont Commons,20210912 14:45,4411CC,210755,False,0,DUE,,,53100,2021-09-12
210762,20210912 14:34,D,Central Campus Transit Center: Ruthven Museum,C251,,0,CC,CC,NORTHBOUND,Pierpont Commons,20210912 14:35,4412CC,210762,False,0,DUE,,,52500,2021-09-12
210766,20210912 14:29,D,Central Campus Transit Center: Ruthven Museum,C251,,0,CC,CC,NORTHBOUND,Pierpont Commons,20210912 14:30,4404CC,210766,False,0,DUE,,,52200,2021-09-12
210769,20210912 14:24,D,Central Campus Transit Center: Ruthven Museum,C251,,0,CC,CC,NORTHBOUND,Pierpont Commons,20210912 14:25,4411CC,210769,False,0,DUE,,,51900,2021-09-12
210776,20210912 14:14,D,Central Campus Transit Center: Ruthven Museum,C251,,0,CC,CC,NORTHBOUND,Pierpont Commons,20210912 14:15,4412CC,210776,False,0,DUE,,,51300,2021-09-12
210780,20210912 14:09,D,Central Campus Transit Center: Ruthven Museum,C251,,0,CC,CC,NORTHBOUND,Pierpont Commons,20210912 14:10,4404CC,210780,False,0,DUE,,,51000,2021-09-12
210783,20210912 14:04,D,Central Campus Transit Center: Ruthven Museum,C251,,0,CC,CC,NORTHBOUND,Pierpont Commons,20210912 14:05,4411CC,210783,False,0,DUE,,,50700,2021-09-12
210790,20210912 13:54,D,Central Campus Transit Center: Ruthven Museum,C251,,0,CC,CC,NORTHBOUND,Pierpont Commons,20210912 13:55,4412CC,210790,False,0,DUE,,,50100,2021-09-12
210794,20210912 13:49,D,Central Campus Transit Center: Ruthven Museum,C251,,0,CC,CC,NORTHBOUND,Pierpont Commons,20210912 13:50,4404CC,210794,False,0,DUE,,,49800,2021-09-12
210797,20210912 13:44,D,Central Campus Transit Center: Ruthven Museum,C251,,0,CC,CC,NORTHBOUND,Pierpont Commons,20210912 13:45,4411CC,210797,False,0,DUE,,,49500,2021-09-12
210805,20210912 13:29,D,Central Campus Transit Center: Ruthven Museum,C251,,0,CC,CC,NORTHBOUND,Pierpont Commons,20210912 13:30,4404CC,210805,False,0,DUE,,,48600,2021-09-12
210808,20210912 13:24,D,Central Campus Transit Center: Ruthven Museum,C251,,0,CC,CC,NORTHBOUND,Pierpont Commons,20210912 13:25,4411CC,210808,False,0,DUE,,,48300,2021-09-12
210815,20210912 13:14,D,Central Campus Transit Center: Ruthven Museum,C251,,0,CC,CC,NORTHBOUND,Pierpont Commons,20210912 13:15,4412CC,210815,False,0,DUE,,,47700,2021-09-12
210819,20210912 13:09,D,Central Campus Transit Center: Ruthven Museum,C251,,0,CC,CC,NORTHBOUND,Pierpont Commons,20210912 13:10,4404CC,210819,False,0,DUE,,,47400,2021-09-12
210826,20210912 12:54,D,Central Campus Transit Center: Ruthven Museum,C251,,0,CC,CC,NORTHBOUND,Pierpont Commons,20210912 12:55,4412CC,210826,False,0,DUE,,,46500,2021-09-12
210830,20210912 12:49,D,Central Campus Transit Center: Ruthven Museum,C251,,0,CC,CC,NORTHBOUND,Pierpont Commons,20210912 12:50,4404CC,210830,False,0,DUE,,,46200,2021-09-12
210833,20210912 12:44,D,Central Campus Transit Center: Ruthven Museum,C251,,0,CC,CC,NORTHBOUND,Pierpont Commons,20210912 12:45,4411CC,210833,False,0,DUE,,,45900,2021-09-12
210840,20210912 12:34,D,Central Campus Transit Center: Ruthven Museum,C251,,0,CC,CC,NORTHBOUND,Pierpont Commons,20210912 12:35,4412CC,210840,False,0,DUE,,,45300,2021-09-12
210844,20210912 12:29,D,Central Campus Transit Center: Ruthven Museum,C251,,0,CC,CC,NORTHBOUND,Pierpont Commons,20210912 12:30,4403CC,210844,False,0,DUE,,,45000,2021-09-12
210847,20210912 12:24,D,Central Campus Transit Center: Ruthven Museum,C251,,0,CC,CC,NORTHBOUND,Pierpont Commons,20210912 12:25,4411CC,210847,False,0,DUE,,,44700,2021-09-12
210851,20210912 12:19,D,Central Campus Transit Center: Ruthven Museum,C251,,0,CC,CC,NORTHBOUND,Pierpont Commons,20210912 12:20,4201BBL,210851,False,0,DUE,,,44400,2021-09-12
210854,20210912 12:14,D,Central Campus Transit Center: Ruthven Museum,C251,,0,CC,CC,NORTHBOUND,Pierpont Commons,20210912 12:15,4412CC,210854,False,0,DUE,,,44100,2021-09-12
210858,20210912 12:09,D,Central Campus Transit Center: Ruthven Museum,C251,,0,CC,CC,NORTHBOUND,Pierpont Commons,20210912 12:10,4403CC,210858,False,0,DUE,,,43800,2021-09-12
210861,20210912 12:04,D,Central Campus Transit Center: Ruthven Museum,C251,,0,CC,CC,NORTHBOUND,Pierpont Commons,20210912 12:05,4411CC,210861,False,0,DUE,,,43500,2021-09-12
210865,20210912 11:59,D,Central Campus Transit Center: Ruthven Museum,C251,,0,CC,CC,NORTHBOUND,Pierpont Commons,20210912 12:00,4201BBL,210865,False,0,DUE,,,43200,2021-09-12
210868,20210912 11:54,D,Central Campus Transit Center: Ruthven Museum,C251,,0,CC,CC,NORTHBOUND,Pierpont Commons,20210912 11:55,4412CC,210868,False,0,DUE,,,42900,2021-09-12
210872,20210912 11:49,D,Central Campus Transit Center: Ruthven Museum,C251,,0,CC,CC,NORTHBOUND,Pierpont Commons,20210912 11:50,4403CC,210872,False,0,DUE,,,42600,2021-09-12
210875,20210912 11:44,D,Central Campus Transit Center: Ruthven Museum,C251,,0,CC,CC,NORTHBOUND,Pierpont Commons,20210912 11:45,4411CC,210875,False,0,DUE,,,42300,2021-09-12
210879,20210912 11:39,D,Central Campus Transit Center: Ruthven Museum,C251,,0,CC,CC,NORTHBOUND,Pierpont Commons,20210912 11:40,4201BBL,210879,False,0,DUE,,,42000,2021-09-12
210883,20210912 11:29,D,Central Campus Transit Center: Ruthven Museum,C251,,0,CC,CC,NORTHBOUND,Pierpont Commons,20210912 11:30,4403CC,210883,False,0,DUE,,,41400,2021-09-12
210887,20210912 11:19,D,Central Campus Transit Center: Ruthven Museum,C251,,0,CC,CC,NORTHBOUND,Pierpont Commons,20210912 11:20,4201BBL,210887,False,0,DUE,,,40800,2021-09-12
210891,20210912 11:09,D,Central Campus Transit Center: Ruthven Museum,C251,,0,CC,CC,NORTHBOUND,Pierpont Commons,20210912 11:10,4403CC,210891,False,0,DUE,,,40200,2021-09-12
210895,20210912 10:59,D,Central Campus Transit Center: Ruthven Museum,C251,,0,CC,CC,NORTHBOUND,Pierpont Commons,20210912 11:00,4201BBL,210895,False,0,DUE,,,39600,2021-09-12
210903,20210912 10:39,D,Central Campus Transit Center: Ruthven Museum,C251,,0,CC,CC,NORTHBOUND,Pierpont Commons,20210912 10:40,4201BBL,210903,False,0,DUE,,,38400,2021-09-12
210911,20210912 10:19,D,Central Campus Transit Center: Ruthven Museum,C251,,0,CC,CC,NORTHBOUND,Pierpont Commons,20210912 10:20,4403CC,210911,False,0,DUE,,,37200,2021-09-12
210915,20210912 10:09,D,Central Campus Transit Center: Ruthven Museum,C251,,0,CC,CC,NORTHBOUND,Pierpont Commons,20210912 10:10,4402CC,210915,False,0,DUE,,,36600,2021-09-12
210919,20210912 09:59,D,Central Campus Transit Center: Ruthven Museum,C251,,0,CC,CC,NORTHBOUND,Pierpont Commons,20210912 10:00,4403CC,210919,False,0,DUE,,,36000,2021-09-12
210923,20210912 09:49,D,Central Campus Transit Center: Ruthven Museum,C251,,0,CC,CC,NORTHBOUND,Pierpont Commons,20210912 09:50,4402CC,210923,False,0,DUE,,,35400,2021-09-12
210927,20210912 09:39,D,Central Campus Transit Center: Ruthven Museum,C251,,0,CC,CC,NORTHBOUND,Pierpont Commons,20210912 09:40,4403CC,210927,False,0,DUE,,,34800,2021-09-12
210931,20210912 09:29,D,Central Campus Transit Center: Ruthven Museum,C251,,0,CC,CC,NORTHBOUND,Pierpont Commons,20210912 09:30,4402CC,210931,False,0,DUE,,,34200,2021-09-12
210935,20210912 09:19,D,Central Campus Transit Center: Ruthven Museum,C251,,0,CC,CC,NORTHBOUND,Pierpont Commons,20210912 09:20,4403CC,210935,False,0,DUE,,,33600,2021-09-12
210939,20210912 09:09,D,Central Campus Transit Center: Ruthven Museum,C251,,0,CC,CC,NORTHBOUND,Pierpont Commons,20210912 09:10,4402CC,210939,False,0,DUE,,,33000,2021-09-12
210943,20210912 08:59,D,Central Campus Transit Center: Ruthven Museum,C251,,0,CC,CC,NORTHBOUND,Pierpont Commons,20210912 09:00,4403CC,210943,False,0,DUE,,,32400,2021-09-12
210947,20210912 08:49,D,Central Campus Transit Center: Ruthven Museum,C251,,0,CC,CC,NORTHBOUND,Pierpont Commons,20210912 08:50,4402CC,210947,False,0,DUE,,,31800,2021-09-12
210955,20210912 08:29,D,Central Campus Transit Center: Ruthven Museum,C251,,0,CC,CC,NORTHBOUND,Pierpont Commons,20210912 08:30,4402CC,210955,False,0,DUE,,,30600,2021-09-12
210963,20210912 08:09,D,Central Campus Transit Center: Ruthven Museum,C251,,0,CC,CC,NORTHBOUND,Pierpont Commons,20210912 08:10,4402CC,210963,False,0,DUE,,,29400,2021-09-12
212892,20210915 06:35,D,Central Campus Transit Center: Ruthven Museum,C251,3037.0,121,CC,CC,NORTHBOUND,Pierpont Commons,20210915 06:40,1402CC,212892,False,0,3,,,24000,2021-09-15
212893,20210913 06:44,D,Central Campus Transit Center: Ruthven Museum,C251,3054.0,0,CC,CC,NORTHBOUND,Pierpont Commons,20210913 06:45,1404CC,212893,False,0,DUE,,,24300,2021-09-13
212896,20210915 06:58,D,Central Campus Transit Center: Ruthven Museum,C251,3037.0,608,CC,CC,NORTHBOUND,Pierpont Commons,20210915 07:00,1402CC,212896,False,0,DUE,,,25200,2021-09-15
212897,20210913 07:04,D,Central Campus Transit Center: Ruthven Museum,C251,3054.0,0,CC,CC,NORTHBOUND,Pierpont Commons,20210913 07:05,1404CC,212897,False,0,DUE,,,25500,2021-09-13
212900,20210915 07:17,D,Central Campus Transit Center: Ruthven Museum,C251,3037.0,848,CC,CC,NORTHBOUND,Pierpont Commons,20210915 07:20,1402CC,212900,False,0,2,,,26400,2021-09-15
212901,20210913 07:24,D,Central Campus Transit Center: Ruthven Museum,C251,3054.0,0,CC,CC,NORTHBOUND,Pierpont Commons,20210913 07:25,1404CC,212901,False,0,DUE,,,26700,2021-09-13
212903,20210915 07:32,D,Central Campus Transit Center: Ruthven Museum,C251,3038.0,189,CC,CC,NORTHBOUND,Pierpont Commons,20210915 07:35,1507MX,212903,False,0,2,,,27300,2021-09-15
212904,20210915 07:39,D,Central Campus Transit Center: Ruthven Museum,C251,3037.0,-48,CC,CC,NORTHBOUND,Pierpont Commons,20210915 07:40,1402CC,212904,False,0,DUE,,,27600,2021-09-15
212905,20210913 07:44,D,Central Campus Transit Center: Ruthven Museum,C251,3016.0,0,CC,CC,NORTHBOUND,Pierpont Commons,20210913 07:45,1404CC,212905,False,0,DUE,,,27900,2021-09-13
212907,20210913 07:54,D,Central Campus Transit Center: Ruthven Museum,C251,,0,CC,CC,NORTHBOUND,Pierpont Commons,20210913 07:55,1510MX,212907,False,0,DUE,,,28500,2021-09-13
212908,20210915 07:59,D,Central Campus Transit Center: Ruthven Museum,C251,3037.0,-4,CC,CC,NORTHBOUND,Pierpont Commons,20210915 08:00,1402CC,212908,False,0,DUE,,,28800,2021-09-15
212909,20210913 08:04,D,Central Campus Transit Center: Ruthven Museum,C251,3016.0,0,CC,CC,NORTHBOUND,Pierpont Commons,20210913 08:05,1404CC,212909,False,0,DUE,,,29100,2021-09-13
212911,20210913 08:14,D,Central Campus Transit Center: Ruthven Museum,C251,,0,CC,CC,NORTHBOUND,Pierpont Commons,20210913 08:15,1510MX,212911,False,0,DUE,,,29700,2021-09-13
212912,20210915 08:18,D,Central Campus Transit Center: Ruthven Museum,C251,3037.0,698,CC,CC,NORTHBOUND,Pierpont Commons,20210915 08:20,1402CC,212912,False,0,DUE,,,30000,2021-09-15
212915,20210913 08:34,D,Central Campus Transit Center: Ruthven Museum,C251,,0,CC,CC,NORTHBOUND,Pierpont Commons,20210913 08:35,1510MX,212915,False,0,DUE,,,30900,2021-09-13
212916,20210913 08:39,D,Central Campus Transit Center: Ruthven Museum,C251,3016.0,0,CC,CC,NORTHBOUND,Pierpont Commons,20210913 08:40,1404CC,212916,False,0,DUE,,,31200,2021-09-13
212919,20210913 08:55,D,Central Campus Transit Center: Ruthven Museum,C251,,0,CC,CC,NORTHBOUND,Pierpont Commons,20210913 08:56,1510MX,212919,False,0,DUE,,,32160,2021-09-13
212920,20210915 08:41,D,Central Campus Transit Center: Ruthven Museum,C251,3037.0,49,CC,CC,NORTHBOUND,Pierpont Commons,20210915 09:00,1402CC,212920,False,0,8,,,32400,2021-09-15
212923,20210913 09:15,D,Central Campus Transit Center: Ruthven Museum,C251,,0,CC,CC,NORTHBOUND,Pierpont Commons,20210913 09:16,1510MX,212923,False,0,DUE,,,33360,2021-09-13
212924,20210915 09:19,D,Central Campus Transit Center: Ruthven Museum,C251,3037.0,395,CC,CC,NORTHBOUND,Pierpont Commons,20210915 09:20,1402CC,212924,False,0,DUE,,,33600,2021-09-15
212925,20210913 09:27,D,Central Campus Transit Center: Ruthven Museum,C251,3016.0,0,CC,CC,NORTHBOUND,Pierpont Commons,20210913 09:28,1404CC,212925,False,0,DUE,,,34080,2021-09-13
212927,20210915 09:34,D,Central Campus Transit Center: Ruthven Museum,C251,3038.0,-25,CC,CC,NORTHBOUND,Pierpont Commons,20210915 09:36,1507MX,212927,False,0,DUE,,,34560,2021-09-15
212928,20210915 09:39,D,Central Campus Transit Center: Ruthven Museum,C251,3037.0,252,CC,CC,NORTHBOUND,Pierpont Commons,20210915 09:40,1402CC,212928,False,0,DUE,,,34800,2021-09-15
212929,20210913 09:47,D,Central Campus Transit Center: Ruthven Museum,C251,3016.0,0,CC,CC,NORTHBOUND,Pierpont Commons,20210913 09:48,1404CC,212929,False,0,DUE,,,35280,2021-09-13
212931,20210915 09:55,D,Central Campus Transit Center: Ruthven Museum,C251,3012.0,323,CC,CC,NORTHBOUND,Pierpont Commons,20210915 09:56,1508MX,212931,False,0,DUE,,,35760,2021-09-15
212932,20210915 10:00,D,Central Campus Transit Center: Ruthven Museum,C251,3037.0,257,CC,CC,NORTHBOUND,Pierpont Commons,20210915 10:00,1402CC,212932,False,0,DUE,,,36000,2021-09-15
212933,20210913 10:07,D,Central Campus Transit Center: Ruthven Museum,C251,3016.0,0,CC,CC,NORTHBOUND,Pierpont Commons,20210913 10:08,1404CC,212933,False,0,DUE,,,36480,2021-09-13
212935,20210913 10:15,D,Central Campus Transit Center: Ruthven Museum,C251,,0,CC,CC,NORTHBOUND,Pierpont Commons,20210913 10:16,1302NWL,212935,False,0,DUE,,,36960,2021-09-13
212936,20210915 10:19,D,Central Campus Transit Center: Ruthven Museum,C251,3037.0,1356,CC,CC,NORTHBOUND,Pierpont Commons,20210915 10:20,1402CC,212936,False,0,DUE,,,37200,2021-09-15
212939,20210915 10:32,D,Central Campus Transit Center: Ruthven Museum,C251,3012.0,303,CC,CC,NORTHBOUND,Pierpont Commons,20210915 10:35,1508MX,212939,False,0,DUE,,,38100,2021-09-15
212940,20210913 10:28,D,Central Campus Transit Center: Ruthven Museum,C251,3016.0,0,CC,CC,NORTHBOUND,Pierpont Commons,20210913 10:40,1404CC,212940,False,0,11,,,38400,2021-09-13
212943,20210915 10:53,D,Central Campus Transit Center: Ruthven Museum,C251,3012.0,0,CC,CC,NORTHBOUND,Pierpont Commons,20210915 10:55,1508MX,212943,False,0,DUE,,,39300,2021-09-15
212944,20210915 10:59,D,Central Campus Transit Center: Ruthven Museum,C251,3030.0,328,CC,CC,NORTHBOUND,Pierpont Commons,20210915 11:00,1404CC,212944,False,0,DUE,,,39600,2021-09-15
212946,20210915 11:09,D,Central Campus Transit Center: Ruthven Museum,C251,3037.0,437,CC,CC,NORTHBOUND,Pierpont Commons,20210915 11:10,1402CC,212946,False,0,DUE,,,40200,2021-09-15
212947,20210910 11:14,D,Central Campus Transit Center: Ruthven Museum,C251,,0,CC,CC,NORTHBOUND,Pierpont Commons,20210910 11:15,1304NWL,212947,False,0,DUE,,,40500,2021-09-10
212948,20210915 11:16,D,Central Campus Transit Center: Ruthven Museum,C251,3030.0,106,CC,CC,NORTHBOUND,Pierpont Commons,20210915 11:20,1404CC,212948,False,0,3,,,40800,2021-09-15
212951,20210910 11:34,D,Central Campus Transit Center: Ruthven Museum,C251,,0,CC,CC,NORTHBOUND,Pierpont Commons,20210910 11:35,1304NWL,212951,False,0,DUE,,,41700,2021-09-10
212952,20210915 11:39,D,Central Campus Transit Center: Ruthven Museum,C251,3037.0,165,CC,CC,NORTHBOUND,Pierpont Commons,20210915 11:40,1402CC,212952,False,0,DUE,,,42000,2021-09-15
212955,20210910 11:54,D,Central Campus Transit Center: Ruthven Museum,C251,,0,CC,CC,NORTHBOUND,Pierpont Commons,20210910 11:55,1304NWL,212955,False,0,DUE,,,42900,2021-09-10
212956,20210915 11:59,D,Central Campus Transit Center: Ruthven Museum,C251,3037.0,240,CC,CC,NORTHBOUND,Pierpont Commons,20210915 12:00,1402CC,212956,False,0,DUE,,,43200,2021-09-15
212957,20210915 12:04,D,Central Campus Transit Center: Ruthven Museum,C251,3030.0,385,CC,CC,NORTHBOUND,Pierpont Commons,20210915 12:05,1404CC,212957,False,0,DUE,,,43500,2021-09-15
212959,20210910 12:14,D,Central Campus Transit Center: Ruthven Museum,C251,,0,CC,CC,NORTHBOUND,Pierpont Commons,20210910 12:15,1405CC,212959,False,0,DUE,,,44100,2021-09-10
212960,20210915 12:21,D,Central Campus Transit Center: Ruthven Museum,C251,3037.0,1091,CC,CC,NORTHBOUND,Pierpont Commons,20210915 12:23,1402CC,212960,False,0,DUE,,,44400,2021-09-15
212962,20210910 12:29,D,Central Campus Transit Center: Ruthven Museum,C251,,0,CC,CC,NORTHBOUND,Pierpont Commons,20210910 12:30,1406CC,212962,False,0,DUE,,,45000,2021-09-10
212963,20210910 12:34,D,Central Campus Transit Center: Ruthven Museum,C251,,0,CC,CC,NORTHBOUND,Pierpont Commons,20210910 12:35,1405CC,212963,False,0,DUE,,,45300,2021-09-10
212964,20210915 12:35,D,Central Campus Transit Center: Ruthven Museum,C251,3030.0,49,CC,CC,NORTHBOUND,Pierpont Commons,20210915 12:40,1404CC,212964,False,0,4,,,45600,2021-09-15
212967,20210915 12:53,D,Central Campus Transit Center: Ruthven Museum,C251,3037.0,121,CC,CC,NORTHBOUND,Pierpont Commons,20210915 12:55,1402CC,212967,False,0,DUE,,,46500,2021-09-15
212968,20210915 12:59,D,Central Campus Transit Center: Ruthven Museum,C251,3030.0,231,CC,CC,NORTHBOUND,Pierpont Commons,20210915 13:00,1404CC,212968,False,0,DUE,,,46800,2021-09-15
212969,20210910 13:04,D,Central Campus Transit Center: Ruthven Museum,C251,,0,CC,CC,NORTHBOUND,Pierpont Commons,20210910 13:05,1406CC,212969,False,0,DUE,,,47100,2021-09-10
212970,20210915 13:04,D,Central Campus Transit Center: Ruthven Museum,C251,3011.0,4303,CC,CC,NORTHBOUND,Pierpont Commons,20210915 13:10,1407CC,212970,False,0,DUE,,,47400,2021-09-15
212971,20210915 13:19,D,Central Campus Transit Center: Ruthven Museum,C251,3037.0,156,CC,CC,NORTHBOUND,Pierpont Commons,20210915 13:19,1402CC,212971,False,0,DUE,,,47700,2021-09-15
212972,20210915 13:18,D,Central Campus Transit Center: Ruthven Museum,C251,3030.0,1864,CC,CC,NORTHBOUND,Pierpont Commons,20210915 13:21,1404CC,212972,False,0,2,,,48000,2021-09-15
212975,20210915 13:43,D,Central Campus Transit Center: Ruthven Museum,C251,3037.0,117,CC,CC,NORTHBOUND,Pierpont Commons,20210915 13:43,1402CC,212975,False,0,DUE,,,48900,2021-09-15
212976,20210915 13:40,D,Central Campus Transit Center: Ruthven Museum,C251,3053.0,78,CC,CC,NORTHBOUND,Pierpont Commons,20210915 13:41,1408CC,212976,False,0,DUE,,,49200,2021-09-15
212977,20210915 13:44,D,Central Campus Transit Center: Ruthven Museum,C251,3046.0,257,CC,CC,NORTHBOUND,Pierpont Commons,20210915 13:45,1513MX,212977,False,0,DUE,,,49500,2021-09-15
212979,20210915 15:24,D,Central Campus Transit Center: Ruthven Museum,C251,3057.0,67,CC,CC,NORTHBOUND,Pierpont Commons,20210915 15:24,1409CC,212979,False,0,DUE,,,50100,2021-09-15
212980,20210915 14:00,D,Central Campus Transit Center: Ruthven Museum,C251,3053.0,383,CC,CC,NORTHBOUND,Pierpont Commons,20210915 14:01,1408CC,212980,False,0,DUE,,,50400,2021-09-15
212981,20210915 14:04,D,Central Campus Transit Center: Ruthven Museum,C251,3046.0,672,CC,CC,NORTHBOUND,Pierpont Commons,20210915 14:05,1513MX,212981,False,0,DUE,,,50700,2021-09-15
212983,20210915 15:24,D,Central Campus Transit Center: Ruthven Museum,C251,3057.0,22404,CC,CC,NORTHBOUND,Pierpont Commons,20210915 15:44,1409CC,212983,False,0,19,,,51480,2021-09-15
212984,20210915 14:22,D,Central Campus Transit Center: Ruthven Museum,C251,3053.0,621,CC,CC,NORTHBOUND,Pierpont Commons,20210915 14:22,1408CC,212984,False,0,DUE,,,51720,2021-09-15
212985,20210915 14:27,D,Central Campus Transit Center: Ruthven Museum,C251,3046.0,137,CC,CC,NORTHBOUND,Pierpont Commons,20210915 14:27,1513MX,212985,False,0,DUE,,,51960,2021-09-15
212987,20210910 14:37,D,Central Campus Transit Center: Ruthven Museum,C251,,0,CC,CC,NORTHBOUND,Pierpont Commons,20210910 14:38,1603WSN,212987,False,0,DUE,,,52680,2021-09-10
212988,20210915 14:33,D,Central Campus Transit Center: Ruthven Museum,C251,3053.0,7666,CC,CC,NORTHBOUND,Pierpont Commons,20210915 14:42,1408CC,212988,False,0,4,,,52920,2021-09-15
212989,20210915 14:49,D,Central Campus Transit Center: Ruthven Museum,C251,3046.0,448,CC,CC,NORTHBOUND,Pierpont Commons,20210915 14:49,1513MX,212989,False,0,DUE,,,53160,2021-09-15
212991,20210914 14:53,D,Central Campus Transit Center: Ruthven Museum,C251,3059.0,411,CC,CC,NORTHBOUND,Pierpont Commons,20210914 14:58,1409CC,212991,False,0,4,,,53880,2021-09-14
212992,20210915 14:53,D,Central Campus Transit Center: Ruthven Museum,C251,3053.0,3194,CC,CC,NORTHBOUND,Pierpont Commons,20210915 15:02,1408CC,212992,False,0,4,,,54120,2021-09-15
212993,20210915 14:53,D,Central Campus Transit Center: Ruthven Museum,C251,3046.0,3194,CC,CC,NORTHBOUND,Pierpont Commons,20210915 15:06,1513MX,212993,False,0,4,,,54360,2021-09-15
212994,20210910 15:09,D,Central Campus Transit Center: Ruthven Museum,C251,,0,CC,CC,NORTHBOUND,Pierpont Commons,20210910 15:10,1105SD,212994,False,0,DUE,,,54600,2021-09-10
212995,20210914 15:21,D,Central Campus Transit Center: Ruthven Museum,C251,3059.0,330,CC,CC,NORTHBOUND,Pierpont Commons,20210914 15:21,1409CC,212995,False,0,DUE,,,55080,2021-09-14
212996,20210910 15:21,D,Central Campus Transit Center: Ruthven Museum,C251,,0,CC,CC,NORTHBOUND,Pierpont Commons,20210910 15:22,1603WSN,212996,False,0,DUE,,,55320,2021-09-10
212997,20210915 15:13,D,Central Campus Transit Center: Ruthven Museum,C251,3046.0,3195,CC,CC,NORTHBOUND,Pierpont Commons,20210915 15:26,1513MX,212997,False,0,4,,,55560,2021-09-15
212998,20210910 15:29,D,Central Campus Transit Center: Ruthven Museum,C251,,0,CC,CC,NORTHBOUND,Pierpont Commons,20210910 15:30,1105SD,212998,False,0,DUE,,,55800,2021-09-10
213000,20210910 15:41,D,Central Campus Transit Center: Ruthven Museum,C251,,0,CC,CC,NORTHBOUND,Pierpont Commons,20210910 15:42,1603WSN,213000,False,0,DUE,,,56520,2021-09-10
213001,20210915 15:43,D,Central Campus Transit Center: Ruthven Museum,C251,3046.0,124,CC,CC,NORTHBOUND,Pierpont Commons,20210915 15:46,1513MX,213001,False,0,2,,,56760,2021-09-15
213002,20210910 15:49,D,Central Campus Transit Center: Ruthven Museum,C251,,0,CC,CC,NORTHBOUND,Pierpont Commons,20210910 15:50,1105SD,213002,False,0,DUE,,,57000,2021-09-10
213004,20210915 16:50,D,Central Campus Transit Center: Ruthven Museum,C251,3057.0,19587,CC,CC,NORTHBOUND,Pierpont Commons,20210915 17:07,1409CC,213004,False,0,17,,,57720,2021-09-15
213005,20210915 16:01,D,Central Campus Transit Center: Ruthven Museum,C251,3061.0,-2,CC,CC,NORTHBOUND,Pierpont Commons,20210915 16:06,1410CC,213005,False,0,4,,,57960,2021-09-15
213006,20210910 16:09,D,Central Campus Transit Center: Ruthven Museum,C251,,0,CC,CC,NORTHBOUND,Pierpont Commons,20210910 16:10,1105SD,213006,False,0,DUE,,,58200,2021-09-10
213008,20210914 16:06,D,Central Campus Transit Center: Ruthven Museum,C251,3059.0,3196,CC,CC,NORTHBOUND,Pierpont Commons,20210914 16:20,1409CC,213008,False,0,4,,,58800,2021-09-14
213009,20210915 16:28,D,Central Campus Transit Center: Ruthven Museum,C251,3061.0,767,CC,CC,NORTHBOUND,Pierpont Commons,20210915 16:28,1410CC,213009,False,0,DUE,,,59100,2021-09-15
213010,20210915 16:22,D,Central Campus Transit Center: Ruthven Museum,C251,3046.0,49,CC,CC,NORTHBOUND,Pierpont Commons,20210915 16:30,1513MX,213010,False,0,2,,,59400,2021-09-15
213011,20210910 16:34,D,Central Campus Transit Center: Ruthven Museum,C251,,0,CC,CC,NORTHBOUND,Pierpont Commons,20210910 16:35,1603WSN,213011,False,0,DUE,,,59700,2021-09-10
213012,20210914 16:38,D,Central Campus Transit Center: Ruthven Museum,C251,3059.0,3362,CC,CC,NORTHBOUND,Pierpont Commons,20210914 16:43,1409CC,213012,False,0,4,,,60000,2021-09-14
213013,20210910 16:44,D,Central Campus Transit Center: Ruthven Museum,C251,,0,CC,CC,NORTHBOUND,Pierpont Commons,20210910 16:45,1405CC,213013,False,0,DUE,,,60300,2021-09-10
213014,20210915 16:52,D,Central Campus Transit Center: Ruthven Museum,C251,3046.0,758,CC,CC,NORTHBOUND,Pierpont Commons,20210915 16:52,1513MX,213014,False,0,DUE,,,60600,2021-09-15
213015,20210910 16:54,D,Central Campus Transit Center: Ruthven Museum,C251,,0,CC,CC,NORTHBOUND,Pierpont Commons,20210910 16:55,1603WSN,213015,False,0,DUE,,,60900,2021-09-10
213017,20210910 17:04,D,Central Campus Transit Center: Ruthven Museum,C251,,0,CC,CC,NORTHBOUND,Pierpont Commons,20210910 17:05,1405CC,213017,False,0,DUE,,,61500,2021-09-10
213018,20210915 17:13,D,Central Campus Transit Center: Ruthven Museum,C251,3046.0,568,CC,CC,NORTHBOUND,Pierpont Commons,20210915 17:13,1513MX,213018,False,0,DUE,,,61800,2021-09-15
213019,20210915 17:14,D,Central Campus Transit Center: Ruthven Museum,C251,3061.0,-25,CC,CC,NORTHBOUND,Pierpont Commons,20210915 17:15,1410CC,213019,False,0,DUE,,,62100,2021-09-15
213021,20210915 17:53,D,Central Campus Transit Center: Ruthven Museum,C251,3057.0,3121,CC,CC,NORTHBOUND,Pierpont Commons,20210915 17:57,1409CC,213021,False,0,DUE,,,62700,2021-09-15
213022,20210915 17:18,D,Central Campus Transit Center: Ruthven Museum,C251,3046.0,3194,CC,CC,NORTHBOUND,Pierpont Commons,20210915 17:30,1513MX,213022,False,0,4,,,63000,2021-09-15
213023,20210915 17:33,D,Central Campus Transit Center: Ruthven Museum,C251,3061.0,628,CC,CC,NORTHBOUND,Pierpont Commons,20210915 17:35,1410CC,213023,False,0,DUE,,,63300,2021-09-15
213024,20210910 17:39,D,Central Campus Transit Center: Ruthven Museum,C251,,0,CC,CC,NORTHBOUND,Pierpont Commons,20210910 17:40,1603WSN,213024,False,0,DUE,,,63600,2021-09-10
213025,20210910 17:44,D,Central Campus Transit Center: Ruthven Museum,C251,,0,CC,CC,NORTHBOUND,Pierpont Commons,20210910 17:45,1405CC,213025,False,0,DUE,,,63900,2021-09-10
213026,20210915 17:40,D,Central Campus Transit Center: Ruthven Museum,C251,3046.0,3194,CC,CC,NORTHBOUND,Pierpont Commons,20210915 17:50,1513MX,213026,False,0,4,,,64200,2021-09-15
213028,20210910 17:59,D,Central Campus Transit Center: Ruthven Museum,C251,,0,CC,CC,NORTHBOUND,Pierpont Commons,20210910 18:00,1603WSN,213028,False,0,DUE,,,64800,2021-09-10
213029,20210910 18:04,D,Central Campus Transit Center: Ruthven Museum,C251,,0,CC,CC,NORTHBOUND,Pierpont Commons,20210910 18:05,1405CC,213029,False,0,DUE,,,65100,2021-09-10
213030,20210915 18:07,D,Central Campus Transit Center: Ruthven Museum,C251,3008.0,405,CC,CC,NORTHBOUND,Pierpont Commons,20210915 18:10,1412CC,213030,False,0,DUE,,,65400,2021-09-15
213032,20210910 18:19,D,Central Campus Transit Center: Ruthven Museum,C251,,0,CC,CC,NORTHBOUND,Pierpont Commons,20210910 18:20,1603WSN,213032,False,0,DUE,,,66000,2021-09-10
213033,20210910 18:24,D,Central Campus Transit Center: Ruthven Museum,C251,,0,CC,CC,NORTHBOUND,Pierpont Commons,20210910 18:25,1405CC,213033,False,0,DUE,,,66300,2021-09-10
213034,20210915 18:31,D,Central Campus Transit Center: Ruthven Museum,C251,3008.0,297,CC,CC,NORTHBOUND,Pierpont Commons,20210915 18:31,1412CC,213034,False,0,DUE,,,66600,2021-09-15
213035,20210915 18:29,D,Central Campus Transit Center: Ruthven Museum,C251,3045.0,408,CC,CC,NORTHBOUND,Pierpont Commons,20210915 18:35,1411CC,213035,False,0,4,,,66900,2021-09-15
213036,20210915 18:29,D,Central Campus Transit Center: Ruthven Museum,C251,3046.0,156,CC,CC,NORTHBOUND,Pierpont Commons,20210915 18:40,1513MX,213036,False,0,DUE,,,67200,2021-09-15
213037,20210910 18:44,D,Central Campus Transit Center: Ruthven Museum,C251,,0,CC,CC,NORTHBOUND,Pierpont Commons,20210910 18:45,1405CC,213037,False,0,DUE,,,67500,2021-09-10
213038,20210915 18:51,D,Central Campus Transit Center: Ruthven Museum,C251,3008.0,1530,CC,CC,NORTHBOUND,Pierpont Commons,20210915 18:52,1412CC,213038,False,0,DUE,,,67800,2021-09-15
213040,20210915 18:59,D,Central Campus Transit Center: Ruthven Museum,C251,3046.0,1745,CC,CC,NORTHBOUND,Pierpont Commons,20210915 19:01,1513MX,213040,False,0,2,,,68400,2021-09-15
213041,20210910 19:04,D,Central Campus Transit Center: Ruthven Museum,C251,,0,CC,CC,NORTHBOUND,Pierpont Commons,20210910 19:05,1405CC,213041,False,0,DUE,,,68700,2021-09-10
213042,20210915 19:11,D,Central Campus Transit Center: Ruthven Museum,C251,3008.0,908,CC,CC,NORTHBOUND,Pierpont Commons,20210915 19:12,1412CC,213042,False,0,DUE,,,69000,2021-09-15
213044,20210915 19:17,D,Central Campus Transit Center: Ruthven Museum,C251,3046.0,868,CC,CC,NORTHBOUND,Pierpont Commons,20210915 19:20,1513MX,213044,False,0,DUE,,,69600,2021-09-15
213045,20210910 19:24,D,Central Campus Transit Center: Ruthven Museum,C251,,0,CC,CC,NORTHBOUND,Pierpont Commons,20210910 19:25,1405CC,213045,False,0,DUE,,,69900,2021-09-10
213046,20210915 19:28,D,Central Campus Transit Center: Ruthven Museum,C251,3008.0,312,CC,CC,NORTHBOUND,Pierpont Commons,20210915 19:30,1412CC,213046,False,0,DUE,,,70200,2021-09-15
213048,20210915 19:36,D,Central Campus Transit Center: Ruthven Museum,C251,3016.0,67,CC,CC,NORTHBOUND,Pierpont Commons,20210915 19:40,1414CC,213048,False,0,2,,,70800,2021-09-15
213049,20210910 19:44,D,Central Campus Transit Center: Ruthven Museum,C251,,0,CC,CC,NORTHBOUND,Pierpont Commons,20210910 19:45,1413CC,213049,False,0,DUE,,,71100,2021-09-10
213050,20210915 19:45,D,Central Campus Transit Center: Ruthven Museum,C251,3008.0,1072,CC,CC,NORTHBOUND,Pierpont Commons,20210915 19:50,1412CC,213050,False,0,3,,,71400,2021-09-15
213051,20210910 19:54,D,Central Campus Transit Center: Ruthven Museum,C251,,0,CC,CC,NORTHBOUND,Pierpont Commons,20210910 19:55,1415CC,213051,False,0,DUE,,,71700,2021-09-10
213052,20210915 19:57,D,Central Campus Transit Center: Ruthven Museum,C251,3016.0,321,CC,CC,NORTHBOUND,Pierpont Commons,20210915 20:00,1414CC,213052,False,0,2,,,72000,2021-09-15
213053,20210910 20:04,D,Central Campus Transit Center: Ruthven Museum,C251,,0,CC,CC,NORTHBOUND,Pierpont Commons,20210910 20:05,1413CC,213053,False,0,DUE,,,72300,2021-09-10
213054,20210915 20:04,D,Central Campus Transit Center: Ruthven Museum,C251,3059.0,67,CC,CC,NORTHBOUND,Pierpont Commons,20210915 20:10,1416CC,213054,False,0,5,,,72600,2021-09-15
213055,20210910 20:14,D,Central Campus Transit Center: Ruthven Museum,C251,,0,CC,CC,NORTHBOUND,Pierpont Commons,20210910 20:15,1415CC,213055,False,0,DUE,,,72900,2021-09-10
213056,20210915 20:25,D,Central Campus Transit Center: Ruthven Museum,C251,3016.0,149,CC,CC,NORTHBOUND,Pierpont Commons,20210915 20:25,1414CC,213056,False,0,DUE,,,73200,2021-09-15
213057,20210915 20:08,D,Central Campus Transit Center: Ruthven Museum,C251,3008.0,49,CC,CC,NORTHBOUND,Pierpont Commons,20210915 20:25,1412CC,213057,False,0,6,,,73500,2021-09-15
213058,20210915 20:29,D,Central Campus Transit Center: Ruthven Museum,C251,3059.0,301,CC,CC,NORTHBOUND,Pierpont Commons,20210915 20:30,1416CC,213058,False,0,DUE,,,73800,2021-09-15
213059,20210910 20:34,D,Central Campus Transit Center: Ruthven Museum,C251,,0,CC,CC,NORTHBOUND,Pierpont Commons,20210910 20:35,1415CC,213059,False,0,DUE,,,74100,2021-09-10
213060,20210910 20:39,D,Central Campus Transit Center: Ruthven Museum,C251,,0,CC,CC,NORTHBOUND,Pierpont Commons,20210910 20:40,1413CC,213060,False,0,DUE,,,74400,2021-09-10
213061,20210915 20:41,D,Central Campus Transit Center: Ruthven Museum,C251,3008.0,754,CC,CC,NORTHBOUND,Pierpont Commons,20210915 20:45,1412CC,213061,False,0,3,,,74700,2021-09-15
213062,20210915 20:47,D,Central Campus Transit Center: Ruthven Museum,C251,3059.0,724,CC,CC,NORTHBOUND,Pierpont Commons,20210915 20:50,1416CC,213062,False,0,DUE,,,75000,2021-09-15
213063,20210915 20:53,D,Central Campus Transit Center: Ruthven Museum,C251,3016.0,-25,CC,CC,NORTHBOUND,Pierpont Commons,20210915 20:55,1414CC,213063,False,0,DUE,,,75300,2021-09-15
213064,20210910 20:59,D,Central Campus Transit Center: Ruthven Museum,C251,,0,CC,CC,NORTHBOUND,Pierpont Commons,20210910 21:00,1413CC,213064,False,0,DUE,,,75600,2021-09-10
213065,20210915 21:00,D,Central Campus Transit Center: Ruthven Museum,C251,3008.0,425,CC,CC,NORTHBOUND,Pierpont Commons,20210915 21:05,1412CC,213065,False,0,3,,,75900,2021-09-15
213066,20210910 21:09,D,Central Campus Transit Center: Ruthven Museum,C251,,0,CC,CC,NORTHBOUND,Pierpont Commons,20210910 21:10,1415CC,213066,False,0,DUE,,,76200,2021-09-10
213067,20210915 21:12,D,Central Campus Transit Center: Ruthven Museum,C251,3016.0,75,CC,CC,NORTHBOUND,Pierpont Commons,20210915 21:15,1414CC,213067,False,0,DUE,,,76500,2021-09-15
213068,20210910 21:19,D,Central Campus Transit Center: Ruthven Museum,C251,,0,CC,CC,NORTHBOUND,Pierpont Commons,20210910 21:20,1413CC,213068,False,0,DUE,,,76800,2021-09-10
213069,20210915 21:26,D,Central Campus Transit Center: Ruthven Museum,C251,3059.0,140,CC,CC,NORTHBOUND,Pierpont Commons,20210915 21:26,1416CC,213069,False,0,DUE,,,77100,2021-09-15
213070,20210910 21:29,D,Central Campus Transit Center: Ruthven Museum,C251,,0,CC,CC,NORTHBOUND,Pierpont Commons,20210910 21:30,1415CC,213070,False,0,DUE,,,77400,2021-09-10
213071,20210915 21:34,D,Central Campus Transit Center: Ruthven Museum,C251,3016.0,114,CC,CC,NORTHBOUND,Pierpont Commons,20210915 21:35,1414CC,213071,False,0,DUE,,,77700,2021-09-15
213072,20210915 21:33,D,Central Campus Transit Center: Ruthven Museum,C251,3008.0,49,CC,CC,NORTHBOUND,Pierpont Commons,20210915 21:40,1412CC,213072,False,0,5,,,78000,2021-09-15
213073,20210915 21:42,D,Central Campus Transit Center: Ruthven Museum,C251,3059.0,484,CC,CC,NORTHBOUND,Pierpont Commons,20210915 21:45,1416CC,213073,False,0,DUE,,,78300,2021-09-15
213074,20210910 21:49,D,Central Campus Transit Center: Ruthven Museum,C251,,0,CC,CC,NORTHBOUND,Pierpont Commons,20210910 21:50,1415CC,213074,False,0,DUE,,,78600,2021-09-10
213075,20210915 21:58,D,Central Campus Transit Center: Ruthven Museum,C251,3016.0,162,CC,CC,NORTHBOUND,Pierpont Commons,20210915 21:59,1414CC,213075,False,0,DUE,,,78900,2021-09-15
213076,20210910 21:59,D,Central Campus Transit Center: Ruthven Museum,C251,,0,CC,CC,NORTHBOUND,Pierpont Commons,20210910 22:00,1413CC,213076,False,0,DUE,,,79200,2021-09-10
213077,20210915 22:03,D,Central Campus Transit Center: Ruthven Museum,C251,3059.0,-13,CC,CC,NORTHBOUND,Pierpont Commons,20210915 22:05,1416CC,213077,False,0,DUE,,,79500,2021-09-15
213078,20210910 22:09,D,Central Campus Transit Center: Ruthven Museum,C251,,0,CC,CC,NORTHBOUND,Pierpont Commons,20210910 22:10,1415CC,213078,False,0,DUE,,,79800,2021-09-10
213079,20210915 22:09,D,Central Campus Transit Center: Ruthven Museum,C251,3008.0,49,CC,CC,NORTHBOUND,Pierpont Commons,20210915 22:15,1412CC,213079,False,0,4,,,80100,2021-09-15
213080,20210910 22:19,D,Central Campus Transit Center: Ruthven Museum,C251,,0,CC,CC,NORTHBOUND,Pierpont Commons,20210910 22:20,1413CC,213080,False,0,DUE,,,80400,2021-09-10
213081,20210915 22:21,D,Central Campus Transit Center: Ruthven Museum,C251,3059.0,232,CC,CC,NORTHBOUND,Pierpont Commons,20210915 22:25,1416CC,213081,False,0,3,,,80700,2021-09-15
213082,20210915 22:29,D,Central Campus Transit Center: Ruthven Museum,C251,3016.0,1230,CC,CC,NORTHBOUND,Pierpont Commons,20210915 22:31,1414CC,213082,False,0,DUE,,,81000,2021-09-15
213083,20210915 22:31,D,Central Campus Transit Center: Ruthven Museum,C251,3008.0,775,CC,CC,NORTHBOUND,Pierpont Commons,20210915 22:35,1412CC,213083,False,0,3,,,81300,2021-09-15
213084,20210910 22:39,D,Central Campus Transit Center: Ruthven Museum,C251,,0,CC,CC,NORTHBOUND,Pierpont Commons,20210910 22:40,1413CC,213084,False,0,DUE,,,81600,2021-09-10
213085,20210910 22:44,D,Central Campus Transit Center: Ruthven Museum,C251,,0,CC,CC,NORTHBOUND,Pierpont Commons,20210910 22:45,1415CC,213085,False,0,DUE,,,81900,2021-09-10
213086,20210915 22:44,D,Central Campus Transit Center: Ruthven Museum,C251,3016.0,325,CC,CC,NORTHBOUND,Pierpont Commons,20210915 22:50,1414CC,213086,False,0,4,,,82200,2021-09-15
213087,20210915 22:51,D,Central Campus Transit Center: Ruthven Museum,C251,3008.0,300,CC,CC,NORTHBOUND,Pierpont Commons,20210915 22:55,1412CC,213087,False,0,2,,,82500,2021-09-15
213088,20210915 22:54,D,Central Campus Transit Center: Ruthven Museum,C251,3059.0,49,CC,CC,NORTHBOUND,Pierpont Commons,20210915 23:00,1416CC,213088,False,0,5,,,82800,2021-09-15
213089,20210910 23:04,D,Central Campus Transit Center: Ruthven Museum,C251,,0,CC,CC,NORTHBOUND,Pierpont Commons,20210910 23:05,1415CC,213089,False,0,DUE,,,83100,2021-09-10
213090,20210915 23:06,D,Central Campus Transit Center: Ruthven Museum,C251,3016.0,153,CC,CC,NORTHBOUND,Pierpont Commons,20210915 23:10,1414CC,213090,False,0,2,,,83400,2021-09-15
213091,20210910 23:14,D,Central Campus Transit Center: Ruthven Museum,C251,,0,CC,CC,NORTHBOUND,Pierpont Commons,20210910 23:15,1413CC,213091,False,0,DUE,,,83700,2021-09-10
213092,20210915 23:06,D,Central Campus Transit Center: Ruthven Museum,C251,3059.0,11622,CC,CC,NORTHBOUND,Pierpont Commons,20210915 23:20,1416CC,213092,False,0,12,,,84000,2021-09-15
213093,20210910 23:24,D,Central Campus Transit Center: Ruthven Museum,C251,,0,CC,CC,NORTHBOUND,Pierpont Commons,20210910 23:25,1415CC,213093,False,0,DUE,,,84300,2021-09-10
213094,20210915 23:06,D,Central Campus Transit Center: Ruthven Museum,C251,3016.0,22490,CC,CC,NORTHBOUND,Pierpont Commons,20210915 23:30,1414CC,213094,False,0,22,,,84600,2021-09-15
213095,20210910 23:34,D,Central Campus Transit Center: Ruthven Museum,C251,,0,CC,CC,NORTHBOUND,Pierpont Commons,20210910 23:35,1413CC,213095,False,0,DUE,,,84900,2021-09-10
213096,20210914 23:36,D,Central Campus Transit Center: Ruthven Museum,C251,3051.0,-38,CC,CC,NORTHBOUND,Pierpont Commons,20210914 23:40,1416CC,213096,False,0,3,,,85200,2021-09-14
213097,20210910 23:44,D,Central Campus Transit Center: Ruthven Museum,C251,,0,CC,CC,NORTHBOUND,Pierpont Commons,20210910 23:45,1415CC,213097,False,0,DUE,,,85500,2021-09-10
213098,20210914 23:47,D,Central Campus Transit Center: Ruthven Museum,C251,3014.0,162,CC,CC,NORTHBOUND,Pierpont Commons,20210914 23:50,1414CC,213098,False,0,2,,,85800,2021-09-14
213099,20210910 23:54,D,Central Campus Transit Center: Ruthven Museum,C251,3045.0,0,CC,CC,NORTHBOUND,Pierpont Commons,20210910 23:55,1412CC,213099,False,0,DUE,,,86100,2021-09-10
213100,20210914 23:56,D,Central Campus Transit Center: Ruthven Museum,C251,3051.0,651,CC,CC,NORTHBOUND,Pierpont Commons,20210915 00:00,1416CC,213100,False,0,3,,,86400,2021-09-14
213101,20210911 00:04,D,Central Campus Transit Center: Ruthven Museum,C251,,0,CC,CC,NORTHBOUND,Pierpont Commons,20210911 00:05,1415CC,213101,False,0,DUE,,,86700,2021-09-10
213102,20210915 00:06,D,Central Campus Transit Center: Ruthven Museum,C251,3014.0,853,CC,CC,NORTHBOUND,Pierpont Commons,20210915 00:10,1414CC,213102,False,0,2,,,87000,2021-09-14
213103,20210915 00:11,D,Central Campus Transit Center: Ruthven Museum,C251,3021.0,1275,CC,CC,NORTHBOUND,Pierpont Commons,20210915 00:15,1412CC,213103,False,0,3,,,87300,2021-09-14
213104,20210915 00:18,D,Central Campus Transit Center: Ruthven Museum,C251,3051.0,629,CC,CC,NORTHBOUND,Pierpont Commons,20210915 00:20,1416CC,213104,False,0,DUE,,,87600,2021-09-14
213105,20210911 00:24,D,Central Campus Transit Center: Ruthven Museum,C251,,0,CC,CC,NORTHBOUND,Pierpont Commons,20210911 00:25,1415CC,213105,False,0,DUE,,,87900,2021-09-10
213106,20210915 00:28,D,Central Campus Transit Center: Ruthven Museum,C251,3014.0,181,CC,CC,NORTHBOUND,Pierpont Commons,20210915 00:30,1414CC,213106,False,0,DUE,,,88200,2021-09-14
213107,20210911 00:34,D,Central Campus Transit Center: Ruthven Museum,C251,,0,CC,CC,NORTHBOUND,Pierpont Commons,20210911 00:35,1413CC,213107,False,0,DUE,,,88500,2021-09-10
213108,20210915 00:39,D,Central Campus Transit Center: Ruthven Museum,C251,3051.0,49,CC,CC,NORTHBOUND,Pierpont Commons,20210915 00:40,1416CC,213108,False,0,DUE,,,88800,2021-09-14
213109,20210911 00:44,D,Central Campus Transit Center: Ruthven Museum,C251,,0,CC,CC,NORTHBOUND,Pierpont Commons,20210911 00:45,1415CC,213109,False,0,DUE,,,89100,2021-09-10
213110,20210915 00:45,D,Central Campus Transit Center: Ruthven Museum,C251,3021.0,-48,CC,CC,NORTHBOUND,Pierpont Commons,20210915 00:50,1412CC,213110,False,0,4,,,89400,2021-09-14
213111,20210911 00:54,D,Central Campus Transit Center: Ruthven Museum,C251,,0,CC,CC,NORTHBOUND,Pierpont Commons,20210911 00:55,1413CC,213111,False,0,DUE,,,89700,2021-09-10
213112,20210915 00:54,D,Central Campus Transit Center: Ruthven Museum,C251,3051.0,190,CC,CC,NORTHBOUND,Pierpont Commons,20210915 01:00,1416CC,213112,False,0,4,,,90000,2021-09-14
213113,20210915 01:44,D,Central Campus Transit Center: Ruthven Museum,C251,3014.0,616,CC,CC,NORTHBOUND,Pierpont Commons,20210915 01:44,1414CC,213113,False,0,DUE,,,90300,2021-09-14
213114,20210915 01:04,D,Central Campus Transit Center: Ruthven Museum,C251,3021.0,681,CC,CC,NORTHBOUND,Pierpont Commons,20210915 01:10,1412CC,213114,False,0,4,,,90600,2021-09-14
213115,20210911 01:14,D,Central Campus Transit Center: Ruthven Museum,C251,,0,CC,CC,NORTHBOUND,Pierpont Commons,20210911 01:15,1413CC,213115,False,0,DUE,,,90900,2021-09-10
213116,20210911 01:19,D,Central Campus Transit Center: Ruthven Museum,C251,,0,CC,CC,NORTHBOUND,Pierpont Commons,20210911 01:20,1415CC,213116,False,0,DUE,,,91200,2021-09-10
213117,20210915 01:44,D,Central Campus Transit Center: Ruthven Museum,C251,3014.0,22953,CC,CC,NORTHBOUND,Pierpont Commons,20210915 02:04,1414CC,213117,False,0,20,,,91500,2021-09-14
213118,20210915 01:28,D,Central Campus Transit Center: Ruthven Museum,C251,3021.0,-13,CC,CC,NORTHBOUND,Pierpont Commons,20210915 01:30,1412CC,213118,False,0,DUE,,,91800,2021-09-14
213119,20210915 01:33,D,Central Campus Transit Center: Ruthven Museum,C251,3051.0,-5,CC,CC,NORTHBOUND,Pierpont Commons,20210915 01:35,1416CC,213119,False,0,DUE,,,92100,2021-09-14
213120,20210911 01:39,D,Central Campus Transit Center: Ruthven Museum,C251,,0,CC,CC,NORTHBOUND,Pierpont Commons,20210911 01:40,1415CC,213120,False,0,DUE,,,92400,2021-09-10
213121,20210914 01:39,D,Central Campus Transit Center: Ruthven Museum,C251,3036.0,1328,CC,CC,NORTHBOUND,Pierpont Commons,20210914 01:45,1414CC,213121,False,0,4,,,92700,2021-09-13
213122,20210911 01:49,D,Central Campus Transit Center: Ruthven Museum,C251,,0,CC,CC,NORTHBOUND,Pierpont Commons,20210911 01:50,1413CC,213122,False,0,DUE,,,93000,2021-09-10
213123,20210915 01:55,D,Central Campus Transit Center: Ruthven Museum,C251,3051.0,-4,CC,CC,NORTHBOUND,Pierpont Commons,20210915 01:55,1416CC,213123,False,0,DUE,,,93300,2021-09-14
213124,20210911 01:59,D,Central Campus Transit Center: Ruthven Museum,C251,,0,CC,CC,NORTHBOUND,Pierpont Commons,20210911 02:00,1415CC,213124,False,0,DUE,,,93600,2021-09-10
285815,20210915 08:56,D,Central Campus Transit Center: Ruthven Museum,C251,3043.0,63,CC,CC,NORTHBOUND,Pierpont Commons,20210915 08:57,1703GNW,285815,False,0,DUE,,,32040,2021-09-15
285816,20210915 09:16,D,Central Campus Transit Center: Ruthven Museum,C251,3043.0,640,CC,CC,NORTHBOUND,Pierpont Commons,20210915 09:17,1703GNW,285816,False,0,DUE,,,33240,2021-09-15
285817,20210915 09:33,D,Central Campus Transit Center: Ruthven Museum,C251,3043.0,205,CC,CC,NORTHBOUND,Pierpont Commons,20210915 09:34,1703GNW,285817,False,0,DUE,,,34440,2021-09-15
285818,20210915 09:53,D,Central Campus Transit Center: Ruthven Museum,C251,3043.0,161,CC,CC,NORTHBOUND,Pierpont Commons,20210915 09:54,1703GNW,285818,False,0,DUE,,,35640,2021-09-15
285819,20210915 10:12,D,Central Campus Transit Center: Ruthven Museum,C251,3043.0,-1,CC,CC,NORTHBOUND,Pierpont Commons,20210915 10:14,1703GNW,285819,False,0,DUE,,,36840,2021-09-15
285820,20210915 08:43,D,Central Campus Transit Center: Ruthven Museum,C251,3046.0,658,CC,CC,NORTHBOUND,Pierpont Commons,20210915 08:44,1418CC,285820,False,0,DUE,,,31440,2021-09-15
285821,20210915 09:01,D,Central Campus Transit Center: Ruthven Museum,C251,3046.0,323,CC,CC,NORTHBOUND,Pierpont Commons,20210915 09:04,1418CC,285821,False,0,DUE,,,32640,2021-09-15
285822,20210915 09:22,D,Central Campus Transit Center: Ruthven Museum,C251,3046.0,0,CC,CC,NORTHBOUND,Pierpont Commons,20210915 09:24,1418CC,285822,False,0,DUE,,,33840,2021-09-15
285823,20210915 09:41,D,Central Campus Transit Center: Ruthven Museum,C251,3046.0,0,CC,CC,NORTHBOUND,Pierpont Commons,20210915 09:44,1418CC,285823,False,0,DUE,,,35040,2021-09-15
285824,20210915 10:01,D,Central Campus Transit Center: Ruthven Museum,C251,3046.0,718,CC,CC,NORTHBOUND,Pierpont Commons,20210915 10:04,1418CC,285824,False,0,DUE,,,36240,2021-09-15
285825,20210915 10:21,D,Central Campus Transit Center: Ruthven Museum,C251,3046.0,352,CC,CC,NORTHBOUND,Pierpont Commons,20210915 10:24,1418CC,285825,False,0,2,,,37440,2021-09-15
285826,20210914 08:39,D,Central Campus Transit Center: Ruthven Museum,C251,3047.0,717,CC,CC,NORTHBOUND,Pierpont Commons,20210914 08:42,1417CC,285826,False,0,DUE,,,31320,2021-09-14
285827,20210914 09:00,D,Central Campus Transit Center: Ruthven Museum,C251,3047.0,96,CC,CC,NORTHBOUND,Pierpont Commons,20210914 09:02,1417CC,285827,False,0,DUE,,,32520,2021-09-14
285828,20210914 09:18,D,Central Campus Transit Center: Ruthven Museum,C251,3047.0,2458,CC,CC,NORTHBOUND,Pierpont Commons,20210914 09:22,1417CC,285828,False,0,DUE,,,33720,2021-09-14
285829,20210914 09:38,D,Central Campus Transit Center: Ruthven Museum,C251,3047.0,341,CC,CC,NORTHBOUND,Pierpont Commons,20210914 09:42,1417CC,285829,False,0,2,,,34920,2021-09-14
285830,20210914 09:58,D,Central Campus Transit Center: Ruthven Museum,C251,3047.0,343,CC,CC,NORTHBOUND,Pierpont Commons,20210914 10:02,1417CC,285830,False,0,2,,,36120,2021-09-14
285831,20210914 10:21,D,Central Campus Transit Center: Ruthven Museum,C251,3047.0,279,CC,CC,NORTHBOUND,Pierpont Commons,20210914 10:22,1417CC,285831,False,0,DUE,,,37320,2021-09-14
285850,20210915 14:10,D,Central Campus Transit Center: Ruthven Museum,C251,3051.0,-10,CC,CC,NORTHBOUND,Pierpont Commons,20210915 14:12,1419CC,285850,False,0,DUE,,,51120,2021-09-15
285851,20210915 14:29,D,Central Campus Transit Center: Ruthven Museum,C251,3051.0,0,CC,CC,NORTHBOUND,Pierpont Commons,20210915 14:32,1419CC,285851,False,0,DUE,,,52320,2021-09-15
285852,20210915 14:47,D,Central Campus Transit Center: Ruthven Museum,C251,3051.0,49,CC,CC,NORTHBOUND,Pierpont Commons,20210915 14:52,1419CC,285852,False,0,3,,,53520,2021-09-15
285853,20210915 15:07,D,Central Campus Transit Center: Ruthven Museum,C251,3051.0,99,CC,CC,NORTHBOUND,Pierpont Commons,20210915 15:12,1419CC,285853,False,0,3,,,54720,2021-09-15
285854,20210915 15:30,D,Central Campus Transit Center: Ruthven Museum,C251,3051.0,306,CC,CC,NORTHBOUND,Pierpont Commons,20210915 15:32,1419CC,285854,False,0,DUE,,,55920,2021-09-15
285855,20210915 15:49,D,Central Campus Transit Center: Ruthven Museum,C251,3051.0,49,CC,CC,NORTHBOUND,Pierpont Commons,20210915 15:52,1419CC,285855,False,0,2,,,57120,2021-09-15
285856,20210915 14:13,D,Central Campus Transit Center: Ruthven Museum,C251,3017.0,0,CC,CC,NORTHBOUND,Pierpont Commons,20210915 14:14,1420CC,285856,False,0,DUE,,,51240,2021-09-15
285857,20210915 14:32,D,Central Campus Transit Center: Ruthven Museum,C251,3017.0,458,CC,CC,NORTHBOUND,Pierpont Commons,20210915 14:34,1420CC,285857,False,0,DUE,,,52440,2021-09-15
285858,20210915 14:56,D,Central Campus Transit Center: Ruthven Museum,C251,3017.0,-1,CC,CC,NORTHBOUND,Pierpont Commons,20210915 14:56,1420CC,285858,False,0,DUE,,,53640,2021-09-15
285859,20210915 15:01,D,Central Campus Transit Center: Ruthven Museum,C251,3017.0,3195,CC,CC,NORTHBOUND,Pierpont Commons,20210915 15:14,1420CC,285859,False,0,4,,,54840,2021-09-15
285860,20210915 15:32,D,Central Campus Transit Center: Ruthven Museum,C251,3017.0,1201,CC,CC,NORTHBOUND,Pierpont Commons,20210915 15:34,1420CC,285860,False,0,DUE,,,56040,2021-09-15
285861,20210915 15:52,D,Central Campus Transit Center: Ruthven Museum,C251,3017.0,-13,CC,CC,NORTHBOUND,Pierpont Commons,20210915 15:54,1420CC,285861,False,0,DUE,,,57240,2021-09-15
285862,20210915 14:24,D,Central Campus Transit Center: Ruthven Museum,C251,3043.0,0,CC,CC,NORTHBOUND,Pierpont Commons,20210915 14:24,1703GNW,285862,False,0,DUE,,,51840,2021-09-15
285863,20210915 14:44,D,Central Campus Transit Center: Ruthven Museum,C251,3043.0,585,CC,CC,NORTHBOUND,Pierpont Commons,20210915 14:44,1703GNW,285863,False,0,DUE,,,53040,2021-09-15
285864,20210915 15:01,D,Central Campus Transit Center: Ruthven Museum,C251,3043.0,808,CC,CC,NORTHBOUND,Pierpont Commons,20210915 15:04,1703GNW,285864,False,0,DUE,,,54240,2021-09-15
285865,20210915 15:22,D,Central Campus Transit Center: Ruthven Museum,C251,3043.0,-25,CC,CC,NORTHBOUND,Pierpont Commons,20210915 15:24,1703GNW,285865,False,0,DUE,,,55440,2021-09-15
285866,20210915 15:43,D,Central Campus Transit Center: Ruthven Museum,C251,3043.0,338,CC,CC,NORTHBOUND,Pierpont Commons,20210915 15:44,1703GNW,285866,False,0,DUE,,,56640,2021-09-15
